date,day_of_week,month,is_weekend,is_flu_season,is_monsoon_season,is_holiday,ward,ward_capacity,admissions,occupancy_rate,risk_level
2024-01-01,0,1,0,1,0,1,General,26,32,1.0,high
2024-01-01,0,1,0,1,0,1,ICU,7,6,0.933,high
2024-01-01,0,1,0,1,0,1,Pediatrics,12,14,1.0,high
2024-01-01,0,1,0,1,0,1,Maternity,9,6,0.705,medium
2024-01-01,0,1,0,1,0,1,Orthopedics,8,4,0.527,low
2024-01-02,1,1,0,1,0,0,General,26,25,0.938,high
2024-01-02,1,1,0,1,0,0,ICU,7,5,0.619,medium
2024-01-02,1,1,0,1,0,0,Pediatrics,12,10,0.805,medium
2024-01-02,1,1,0,1,0,0,Maternity,9,6,0.682,medium
2024-01-02,1,1,0,1,0,0,Orthopedics,8,5,0.554,low
2024-01-03,2,1,0,1,0,0,General,26,33,1.0,high
2024-01-03,2,1,0,1,0,0,ICU,7,5,0.643,medium
2024-01-03,2,1,0,1,0,0,Pediatrics,12,12,1.0,high
2024-01-03,2,1,0,1,0,0,Maternity,9,5,0.574,low
2024-01-03,2,1,0,1,0,0,Orthopedics,8,5,0.61,medium
2024-01-04,3,1,0,1,0,0,General,26,25,1.0,high
2024-01-04,3,1,0,1,0,0,ICU,7,5,0.661,medium
2024-01-04,3,1,0,1,0,0,Pediatrics,12,15,1.0,high
2024-01-04,3,1,0,1,0,0,Maternity,9,7,0.68,medium
2024-01-04,3,1,0,1,0,0,Orthopedics,8,5,0.635,medium
2024-01-05,4,1,0,1,0,0,General,26,30,1.0,high
2024-01-05,4,1,0,1,0,0,ICU,7,5,0.699,medium
2024-01-05,4,1,0,1,0,0,Pediatrics,12,10,0.797,medium
2024-01-05,4,1,0,1,0,0,Maternity,9,6,0.72,medium
2024-01-05,4,1,0,1,0,0,Orthopedics,8,6,0.662,medium
2024-01-06,5,1,1,1,0,0,General,26,21,0.788,medium
2024-01-06,5,1,1,1,0,0,ICU,7,5,0.745,medium
2024-01-06,5,1,1,1,0,0,Pediatrics,12,11,0.963,high
2024-01-06,5,1,1,1,0,0,Maternity,9,4,0.429,low
2024-01-06,5,1,1,1,0,0,Orthopedics,8,5,0.674,medium
2024-01-07,6,1,1,1,0,0,General,26,19,0.721,medium
2024-01-07,6,1,1,1,0,0,ICU,7,5,0.654,medium
2024-01-07,6,1,1,1,0,0,Pediatrics,12,11,0.984,high
2024-01-07,6,1,1,1,0,0,Maternity,9,5,0.606,medium
2024-01-07,6,1,1,1,0,0,Orthopedics,8,5,0.593,low
2024-01-08,0,1,0,1,0,0,General,26,28,1.0,high
2024-01-08,0,1,0,1,0,0,ICU,7,5,0.793,medium
2024-01-08,0,1,0,1,0,0,Pediatrics,12,8,0.708,medium
2024-01-08,0,1,0,1,0,0,Maternity,9,7,0.763,medium
2024-01-08,0,1,0,1,0,0,Orthopedics,8,6,0.651,medium
2024-01-09,1,1,0,1,0,0,General,26,26,1.0,high
2024-01-09,1,1,0,1,0,0,ICU,7,6,0.831,medium
2024-01-09,1,1,0,1,0,0,Pediatrics,12,12,0.975,high
2024-01-09,1,1,0,1,0,0,Maternity,9,8,0.905,high
2024-01-09,1,1,0,1,0,0,Orthopedics,8,6,0.776,medium
2024-01-10,2,1,0,1,0,0,General,26,27,1.0,high
2024-01-10,2,1,0,1,0,0,ICU,7,5,0.698,medium
2024-01-10,2,1,0,1,0,0,Pediatrics,12,12,0.927,high
2024-01-10,2,1,0,1,0,0,Maternity,9,7,0.791,medium
2024-01-10,2,1,0,1,0,0,Orthopedics,8,6,0.738,medium
2024-01-11,3,1,0,1,0,0,General,26,21,0.787,medium
2024-01-11,3,1,0,1,0,0,ICU,7,5,0.674,medium
2024-01-11,3,1,0,1,0,0,Pediatrics,12,13,1.0,high
2024-01-11,3,1,0,1,0,0,Maternity,9,8,0.898,high
2024-01-11,3,1,0,1,0,0,Orthopedics,8,6,0.746,medium
2024-01-12,4,1,0,1,0,0,General,26,19,0.729,medium
2024-01-12,4,1,0,1,0,0,ICU,7,5,0.837,medium
2024-01-12,4,1,0,1,0,0,Pediatrics,12,13,1.0,high
2024-01-12,4,1,0,1,0,0,Maternity,9,7,0.719,medium
2024-01-12,4,1,0,1,0,0,Orthopedics,8,7,0.913,high
2024-01-13,5,1,1,1,0,0,General,26,23,0.839,medium
2024-01-13,5,1,1,1,0,0,ICU,7,7,0.93,high
2024-01-13,5,1,1,1,0,0,Pediatrics,12,11,1.0,high
2024-01-13,5,1,1,1,0,0,Maternity,9,4,0.416,low
2024-01-13,5,1,1,1,0,0,Orthopedics,8,5,0.6,medium
2024-01-14,6,1,1,1,0,0,General,26,16,0.619,medium
2024-01-14,6,1,1,1,0,0,ICU,7,5,0.738,medium
2024-01-14,6,1,1,1,0,0,Pediatrics,12,9,0.827,medium
2024-01-14,6,1,1,1,0,0,Maternity,9,4,0.428,low
2024-01-14,6,1,1,1,0,0,Orthopedics,8,5,0.563,low
2024-01-15,0,1,0,1,0,1,General,26,31,1.0,high
2024-01-15,0,1,0,1,0,1,ICU,7,4,0.581,low
2024-01-15,0,1,0,1,0,1,Pediatrics,12,15,1.0,high
2024-01-15,0,1,0,1,0,1,Maternity,9,4,0.378,low
2024-01-15,0,1,0,1,0,1,Orthopedics,8,5,0.64,medium
2024-01-16,1,1,0,1,0,0,General,26,28,1.0,high
2024-01-16,1,1,0,1,0,0,ICU,7,5,0.726,medium
2024-01-16,1,1,0,1,0,0,Pediatrics,12,14,1.0,high
2024-01-16,1,1,0,1,0,0,Maternity,9,8,0.913,high
2024-01-16,1,1,0,1,0,0,Orthopedics,8,5,0.658,medium
2024-01-17,2,1,0,1,0,0,General,26,23,0.924,high
2024-01-17,2,1,0,1,0,0,ICU,7,6,0.816,medium
2024-01-17,2,1,0,1,0,0,Pediatrics,12,15,1.0,high
2024-01-17,2,1,0,1,0,0,Maternity,9,7,0.873,high
2024-01-17,2,1,0,1,0,0,Orthopedics,8,6,0.712,medium
2024-01-18,3,1,0,1,0,0,General,26,23,0.844,medium
2024-01-18,3,1,0,1,0,0,ICU,7,5,0.731,medium
2024-01-18,3,1,0,1,0,0,Pediatrics,12,14,1.0,high
2024-01-18,3,1,0,1,0,0,Maternity,9,7,0.85,high
2024-01-18,3,1,0,1,0,0,Orthopedics,8,6,0.886,high
2024-01-19,4,1,0,1,0,0,General,26,30,1.0,high
2024-01-19,4,1,0,1,0,0,ICU,7,4,0.596,low
2024-01-19,4,1,0,1,0,0,Pediatrics,12,13,1.0,high
2024-01-19,4,1,0,1,0,0,Maternity,9,7,0.774,medium
2024-01-19,4,1,0,1,0,0,Orthopedics,8,5,0.549,low
2024-01-20,5,1,1,1,0,0,General,26,19,0.774,medium
2024-01-20,5,1,1,1,0,0,ICU,7,6,0.795,medium
2024-01-20,5,1,1,1,0,0,Pediatrics,12,10,0.853,high
2024-01-20,5,1,1,1,0,0,Maternity,9,4,0.452,low
2024-01-20,5,1,1,1,0,0,Orthopedics,8,5,0.568,low
2024-01-21,6,1,1,1,0,0,General,26,21,0.836,medium
2024-01-21,6,1,1,1,0,0,ICU,7,7,1.0,high
2024-01-21,6,1,1,1,0,0,Pediatrics,12,8,0.62,medium
2024-01-21,6,1,1,1,0,0,Maternity,9,5,0.581,low
2024-01-21,6,1,1,1,0,0,Orthopedics,8,5,0.818,medium
2024-01-22,0,1,0,1,0,0,General,26,29,1.0,high
2024-01-22,0,1,0,1,0,0,ICU,7,6,0.89,high
2024-01-22,0,1,0,1,0,0,Pediatrics,12,13,1.0,high
2024-01-22,0,1,0,1,0,0,Maternity,9,6,0.655,medium
2024-01-22,0,1,0,1,0,0,Orthopedics,8,6,0.754,medium
2024-01-23,1,1,0,1,0,0,General,26,36,1.0,high
2024-01-23,1,1,0,1,0,0,ICU,7,6,0.777,medium
2024-01-23,1,1,0,1,0,0,Pediatrics,12,12,1.0,high
2024-01-23,1,1,0,1,0,0,Maternity,9,7,0.724,medium
2024-01-23,1,1,0,1,0,0,Orthopedics,8,5,0.659,medium
2024-01-24,2,1,0,1,0,0,General,26,24,0.934,high
2024-01-24,2,1,0,1,0,0,ICU,7,5,0.682,medium
2024-01-24,2,1,0,1,0,0,Pediatrics,12,17,1.0,high
2024-01-24,2,1,0,1,0,0,Maternity,9,5,0.565,low
2024-01-24,2,1,0,1,0,0,Orthopedics,8,5,0.668,medium
2024-01-25,3,1,0,1,0,0,General,26,24,0.917,high
2024-01-25,3,1,0,1,0,0,ICU,7,6,0.9,high
2024-01-25,3,1,0,1,0,0,Pediatrics,12,11,0.9,high
2024-01-25,3,1,0,1,0,0,Maternity,9,6,0.634,medium
2024-01-25,3,1,0,1,0,0,Orthopedics,8,8,1.0,high
2024-01-26,4,1,0,1,0,1,General,26,24,0.969,high
2024-01-26,4,1,0,1,0,1,ICU,7,8,1.0,high
2024-01-26,4,1,0,1,0,1,Pediatrics,12,11,0.892,high
2024-01-26,4,1,0,1,0,1,Maternity,9,5,0.52,low
2024-01-26,4,1,0,1,0,1,Orthopedics,8,4,0.539,low
2024-01-27,5,1,1,1,0,0,General,26,17,0.651,medium
2024-01-27,5,1,1,1,0,0,ICU,7,3,0.377,low
2024-01-27,5,1,1,1,0,0,Pediatrics,12,10,0.771,medium
2024-01-27,5,1,1,1,0,0,Maternity,9,6,0.595,low
2024-01-27,5,1,1,1,0,0,Orthopedics,8,4,0.507,low
2024-01-28,6,1,1,1,0,0,General,26,25,0.89,high
2024-01-28,6,1,1,1,0,0,ICU,7,7,1.0,high
2024-01-28,6,1,1,1,0,0,Pediatrics,12,8,0.69,medium
2024-01-28,6,1,1,1,0,0,Maternity,9,5,0.526,low
2024-01-28,6,1,1,1,0,0,Orthopedics,8,5,0.606,medium
2024-01-29,0,1,0,1,0,0,General,26,27,1.0,high
2024-01-29,0,1,0,1,0,0,ICU,7,6,0.795,medium
2024-01-29,0,1,0,1,0,0,Pediatrics,12,17,1.0,high
2024-01-29,0,1,0,1,0,0,Maternity,9,6,0.696,medium
2024-01-29,0,1,0,1,0,0,Orthopedics,8,6,0.719,medium
2024-01-30,1,1,0,1,0,0,General,26,26,0.975,high
2024-01-30,1,1,0,1,0,0,ICU,7,5,0.757,medium
2024-01-30,1,1,0,1,0,0,Pediatrics,12,14,1.0,high
2024-01-30,1,1,0,1,0,0,Maternity,9,7,0.793,medium
2024-01-30,1,1,0,1,0,0,Orthopedics,8,7,0.906,high
2024-01-31,2,1,0,1,0,0,General,26,24,0.895,high
2024-01-31,2,1,0,1,0,0,ICU,7,6,0.888,high
2024-01-31,2,1,0,1,0,0,Pediatrics,12,13,1.0,high
2024-01-31,2,1,0,1,0,0,Maternity,9,8,0.859,high
2024-01-31,2,1,0,1,0,0,Orthopedics,8,6,0.74,medium
2024-02-01,3,2,0,1,0,1,General,26,29,1.0,high
2024-02-01,3,2,0,1,0,1,ICU,7,6,0.898,high
2024-02-01,3,2,0,1,0,1,Pediatrics,12,17,1.0,high
2024-02-01,3,2,0,1,0,1,Maternity,9,5,0.54,low
2024-02-01,3,2,0,1,0,1,Orthopedics,8,4,0.493,low
2024-02-02,4,2,0,1,0,0,General,26,27,1.0,high
2024-02-02,4,2,0,1,0,0,ICU,7,5,0.819,medium
2024-02-02,4,2,0,1,0,0,Pediatrics,12,11,0.856,high
2024-02-02,4,2,0,1,0,0,Maternity,9,8,0.928,high
2024-02-02,4,2,0,1,0,0,Orthopedics,8,7,0.906,high
2024-02-03,5,2,1,1,0,0,General,26,20,0.724,medium
2024-02-03,5,2,1,1,0,0,ICU,7,6,0.823,medium
2024-02-03,5,2,1,1,0,0,Pediatrics,12,11,0.909,high
2024-02-03,5,2,1,1,0,0,Maternity,9,4,0.428,low
2024-02-03,5,2,1,1,0,0,Orthopedics,8,5,0.597,low
2024-02-04,6,2,1,1,0,0,General,26,18,0.704,medium
2024-02-04,6,2,1,1,0,0,ICU,7,6,0.832,medium
2024-02-04,6,2,1,1,0,0,Pediatrics,12,9,0.762,medium
2024-02-04,6,2,1,1,0,0,Maternity,9,4,0.374,low
2024-02-04,6,2,1,1,0,0,Orthopedics,8,4,0.489,low
2024-02-05,0,2,0,1,0,0,General,26,28,1.0,high
2024-02-05,0,2,0,1,0,0,ICU,7,6,0.849,medium
2024-02-05,0,2,0,1,0,0,Pediatrics,12,13,1.0,high
2024-02-05,0,2,0,1,0,0,Maternity,9,7,0.763,medium
2024-02-05,0,2,0,1,0,0,Orthopedics,8,6,0.709,medium
2024-02-06,1,2,0,1,0,0,General,26,29,1.0,high
2024-02-06,1,2,0,1,0,0,ICU,7,5,0.734,medium
2024-02-06,1,2,0,1,0,0,Pediatrics,12,15,1.0,high
2024-02-06,1,2,0,1,0,0,Maternity,9,7,0.778,medium
2024-02-06,1,2,0,1,0,0,Orthopedics,8,6,0.711,medium
2024-02-07,2,2,0,1,0,0,General,26,27,1.0,high
2024-02-07,2,2,0,1,0,0,ICU,7,6,0.905,high
2024-02-07,2,2,0,1,0,0,Pediatrics,12,17,1.0,high
2024-02-07,2,2,0,1,0,0,Maternity,9,7,0.787,medium
2024-02-07,2,2,0,1,0,0,Orthopedics,8,8,0.96,high
2024-02-08,3,2,0,1,0,0,General,26,24,0.893,high
2024-02-08,3,2,0,1,0,0,ICU,7,4,0.545,low
2024-02-08,3,2,0,1,0,0,Pediatrics,12,12,1.0,high
2024-02-08,3,2,0,1,0,0,Maternity,9,7,0.872,high
2024-02-08,3,2,0,1,0,0,Orthopedics,8,7,0.846,medium
2024-02-09,4,2,0,1,0,0,General,26,23,0.909,high
2024-02-09,4,2,0,1,0,0,ICU,7,4,0.663,medium
2024-02-09,4,2,0,1,0,0,Pediatrics,12,16,1.0,high
2024-02-09,4,2,0,1,0,0,Maternity,9,5,0.623,medium
2024-02-09,4,2,0,1,0,0,Orthopedics,8,6,0.812,medium
2024-02-10,5,2,1,1,0,0,General,26,15,0.547,low
2024-02-10,5,2,1,1,0,0,ICU,7,6,0.859,high
2024-02-10,5,2,1,1,0,0,Pediatrics,12,9,0.781,medium
2024-02-10,5,2,1,1,0,0,Maternity,9,4,0.437,low
2024-02-10,5,2,1,1,0,0,Orthopedics,8,5,0.651,medium
2024-02-11,6,2,1,1,0,0,General,26,22,0.79,medium
2024-02-11,6,2,1,1,0,0,ICU,7,5,0.778,medium
2024-02-11,6,2,1,1,0,0,Pediatrics,12,10,0.796,medium
2024-02-11,6,2,1,1,0,0,Maternity,9,6,0.672,medium
2024-02-11,6,2,1,1,0,0,Orthopedics,8,5,0.628,medium
2024-02-12,0,2,0,1,0,0,General,26,35,1.0,high
2024-02-12,0,2,0,1,0,0,ICU,7,5,0.763,medium
2024-02-12,0,2,0,1,0,0,Pediatrics,12,14,1.0,high
2024-02-12,0,2,0,1,0,0,Maternity,9,6,0.701,medium
2024-02-12,0,2,0,1,0,0,Orthopedics,8,7,0.787,medium
2024-02-13,1,2,0,1,0,0,General,26,22,0.744,medium
2024-02-13,1,2,0,1,0,0,ICU,7,5,0.75,medium
2024-02-13,1,2,0,1,0,0,Pediatrics,12,16,1.0,high
2024-02-13,1,2,0,1,0,0,Maternity,9,8,0.82,medium
2024-02-13,1,2,0,1,0,0,Orthopedics,8,4,0.497,low
2024-02-14,2,2,0,1,0,0,General,26,29,1.0,high
2024-02-14,2,2,0,1,0,0,ICU,7,4,0.567,low
2024-02-14,2,2,0,1,0,0,Pediatrics,12,11,0.95,high
2024-02-14,2,2,0,1,0,0,Maternity,9,7,0.731,medium
2024-02-14,2,2,0,1,0,0,Orthopedics,8,6,0.697,medium
2024-02-15,3,2,0,1,0,1,General,26,29,1.0,high
2024-02-15,3,2,0,1,0,1,ICU,7,5,0.739,medium
2024-02-15,3,2,0,1,0,1,Pediatrics,12,13,1.0,high
2024-02-15,3,2,0,1,0,1,Maternity,9,5,0.504,low
2024-02-15,3,2,0,1,0,1,Orthopedics,8,4,0.44,low
2024-02-16,4,2,0,1,0,0,General,26,35,1.0,high
2024-02-16,4,2,0,1,0,0,ICU,7,5,0.725,medium
2024-02-16,4,2,0,1,0,0,Pediatrics,12,13,1.0,high
2024-02-16,4,2,0,1,0,0,Maternity,9,7,0.816,medium
2024-02-16,4,2,0,1,0,0,Orthopedics,8,6,0.721,medium
2024-02-17,5,2,1,1,0,0,General,26,19,0.616,medium
2024-02-17,5,2,1,1,0,0,ICU,7,5,0.783,medium
2024-02-17,5,2,1,1,0,0,Pediatrics,12,12,0.988,high
2024-02-17,5,2,1,1,0,0,Maternity,9,5,0.571,low
2024-02-17,5,2,1,1,0,0,Orthopedics,8,7,0.931,high
2024-02-18,6,2,1,1,0,0,General,26,20,0.721,medium
2024-02-18,6,2,1,1,0,0,ICU,7,5,0.724,medium
2024-02-18,6,2,1,1,0,0,Pediatrics,12,9,0.679,medium
2024-02-18,6,2,1,1,0,0,Maternity,9,4,0.39,low
2024-02-18,6,2,1,1,0,0,Orthopedics,8,6,0.794,medium
2024-02-19,0,2,0,1,0,0,General,26,27,1.0,high
2024-02-19,0,2,0,1,0,0,ICU,7,5,0.671,medium
2024-02-19,0,2,0,1,0,0,Pediatrics,12,16,1.0,high
2024-02-19,0,2,0,1,0,0,Maternity,9,6,0.657,medium
2024-02-19,0,2,0,1,0,0,Orthopedics,8,5,0.556,low
2024-02-20,1,2,0,1,0,0,General,26,31,1.0,high
2024-02-20,1,2,0,1,0,0,ICU,7,4,0.6,medium
2024-02-20,1,2,0,1,0,0,Pediatrics,12,12,0.976,high
2024-02-20,1,2,0,1,0,0,Maternity,9,6,0.623,medium
2024-02-20,1,2,0,1,0,0,Orthopedics,8,6,0.708,medium
2024-02-21,2,2,0,1,0,0,General,26,28,1.0,high
2024-02-21,2,2,0,1,0,0,ICU,7,5,0.669,medium
2024-02-21,2,2,0,1,0,0,Pediatrics,12,12,1.0,high
2024-02-21,2,2,0,1,0,0,Maternity,9,7,0.729,medium
2024-02-21,2,2,0,1,0,0,Orthopedics,8,6,0.788,medium
2024-02-22,3,2,0,1,0,0,General,26,20,0.796,medium
2024-02-22,3,2,0,1,0,0,ICU,7,5,0.743,medium
2024-02-22,3,2,0,1,0,0,Pediatrics,12,12,0.91,high
2024-02-22,3,2,0,1,0,0,Maternity,9,5,0.558,low
2024-02-22,3,2,0,1,0,0,Orthopedics,8,6,0.705,medium
2024-02-23,4,2,0,1,0,0,General,26,30,1.0,high
2024-02-23,4,2,0,1,0,0,ICU,7,5,0.654,medium
2024-02-23,4,2,0,1,0,0,Pediatrics,12,12,1.0,high
2024-02-23,4,2,0,1,0,0,Maternity,9,6,0.647,medium
2024-02-23,4,2,0,1,0,0,Orthopedics,8,7,0.846,medium
2024-02-24,5,2,1,1,0,0,General,26,23,0.828,medium
2024-02-24,5,2,1,1,0,0,ICU,7,6,0.929,high
2024-02-24,5,2,1,1,0,0,Pediatrics,12,6,0.46,low
2024-02-24,5,2,1,1,0,0,Maternity,9,5,0.545,low
2024-02-24,5,2,1,1,0,0,Orthopedics,8,5,0.595,low
2024-02-25,6,2,1,1,0,0,General,26,21,0.8,medium
2024-02-25,6,2,1,1,0,0,ICU,7,7,1.0,high
2024-02-25,6,2,1,1,0,0,Pediatrics,12,10,0.813,medium
2024-02-25,6,2,1,1,0,0,Maternity,9,5,0.534,low
2024-02-25,6,2,1,1,0,0,Orthopedics,8,5,0.604,medium
2024-02-26,0,2,0,1,0,1,General,26,31,1.0,high
2024-02-26,0,2,0,1,0,1,ICU,7,6,0.841,medium
2024-02-26,0,2,0,1,0,1,Pediatrics,12,17,1.0,high
2024-02-26,0,2,0,1,0,1,Maternity,9,3,0.283,low
2024-02-26,0,2,0,1,0,1,Orthopedics,8,3,0.357,low
2024-02-27,1,2,0,1,0,0,General,26,27,1.0,high
2024-02-27,1,2,0,1,0,0,ICU,7,5,0.703,medium
2024-02-27,1,2,0,1,0,0,Pediatrics,12,15,1.0,high
2024-02-27,1,2,0,1,0,0,Maternity,9,7,0.816,medium
2024-02-27,1,2,0,1,0,0,Orthopedics,8,5,0.682,medium
2024-02-28,2,2,0,1,0,0,General,26,28,1.0,high
2024-02-28,2,2,0,1,0,0,ICU,7,6,0.971,high
2024-02-28,2,2,0,1,0,0,Pediatrics,12,14,1.0,high
2024-02-28,2,2,0,1,0,0,Maternity,9,6,0.624,medium
2024-02-28,2,2,0,1,0,0,Orthopedics,8,7,0.832,medium
2024-02-29,3,2,0,1,0,0,General,26,27,1.0,high
2024-02-29,3,2,0,1,0,0,ICU,7,6,0.874,high
2024-02-29,3,2,0,1,0,0,Pediatrics,12,15,1.0,high
2024-02-29,3,2,0,1,0,0,Maternity,9,6,0.618,medium
2024-02-29,3,2,0,1,0,0,Orthopedics,8,6,0.769,medium
2024-03-01,4,3,0,0,0,1,General,26,22,0.8,medium
2024-03-01,4,3,0,0,0,1,ICU,7,5,0.782,medium
2024-03-01,4,3,0,0,0,1,Pediatrics,12,9,0.844,medium
2024-03-01,4,3,0,0,0,1,Maternity,9,4,0.382,low
2024-03-01,4,3,0,0,0,1,Orthopedics,8,3,0.45,low
2024-03-02,5,3,1,0,0,0,General,26,15,0.574,low
2024-03-02,5,3,1,0,0,0,ICU,7,5,0.658,medium
2024-03-02,5,3,1,0,0,0,Pediatrics,12,8,0.673,medium
2024-03-02,5,3,1,0,0,0,Maternity,9,5,0.592,low
2024-03-02,5,3,1,0,0,0,Orthopedics,8,4,0.511,low
2024-03-03,6,3,1,0,0,0,General,26,12,0.485,low
2024-03-03,6,3,1,0,0,0,ICU,7,6,0.924,high
2024-03-03,6,3,1,0,0,0,Pediatrics,12,7,0.558,low
2024-03-03,6,3,1,0,0,0,Maternity,9,4,0.438,low
2024-03-03,6,3,1,0,0,0,Orthopedics,8,4,0.555,low
2024-03-04,0,3,0,0,0,0,General,26,13,0.576,low
2024-03-04,0,3,0,0,0,0,ICU,7,4,0.55,low
2024-03-04,0,3,0,0,0,0,Pediatrics,12,7,0.501,low
2024-03-04,0,3,0,0,0,0,Maternity,9,7,0.781,medium
2024-03-04,0,3,0,0,0,0,Orthopedics,8,4,0.435,low
2024-03-05,1,3,0,0,0,0,General,26,17,0.737,medium
2024-03-05,1,3,0,0,0,0,ICU,7,4,0.496,low
2024-03-05,1,3,0,0,0,0,Pediatrics,12,8,0.653,medium
2024-03-05,1,3,0,0,0,0,Maternity,9,4,0.442,low
2024-03-05,1,3,0,0,0,0,Orthopedics,8,5,0.66,medium
2024-03-06,2,3,0,0,0,0,General,26,23,0.941,high
2024-03-06,2,3,0,0,0,0,ICU,7,4,0.516,low
2024-03-06,2,3,0,0,0,0,Pediatrics,12,11,0.92,high
2024-03-06,2,3,0,0,0,0,Maternity,9,6,0.665,medium
2024-03-06,2,3,0,0,0,0,Orthopedics,8,5,0.618,medium
2024-03-07,3,3,0,0,0,0,General,26,16,0.588,low
2024-03-07,3,3,0,0,0,0,ICU,7,4,0.544,low
2024-03-07,3,3,0,0,0,0,Pediatrics,12,7,0.589,low
2024-03-07,3,3,0,0,0,0,Maternity,9,6,0.742,medium
2024-03-07,3,3,0,0,0,0,Orthopedics,8,3,0.43,low
2024-03-08,4,3,0,0,0,0,General,26,21,0.704,medium
2024-03-08,4,3,0,0,0,0,ICU,7,4,0.553,low
2024-03-08,4,3,0,0,0,0,Pediatrics,12,6,0.461,low
2024-03-08,4,3,0,0,0,0,Maternity,9,5,0.643,medium
2024-03-08,4,3,0,0,0,0,Orthopedics,8,6,0.814,medium
2024-03-09,5,3,1,0,0,0,General,26,15,0.52,low
2024-03-09,5,3,1,0,0,0,ICU,7,4,0.596,low
2024-03-09,5,3,1,0,0,0,Pediatrics,12,5,0.452,low
2024-03-09,5,3,1,0,0,0,Maternity,9,4,0.426,low
2024-03-09,5,3,1,0,0,0,Orthopedics,8,4,0.522,low
2024-03-10,6,3,1,0,0,0,General,26,13,0.558,low
2024-03-10,6,3,1,0,0,0,ICU,7,4,0.602,medium
2024-03-10,6,3,1,0,0,0,Pediatrics,12,7,0.568,low
2024-03-10,6,3,1,0,0,0,Maternity,9,5,0.493,low
2024-03-10,6,3,1,0,0,0,Orthopedics,8,4,0.491,low
2024-03-11,0,3,0,0,0,0,General,26,17,0.706,medium
2024-03-11,0,3,0,0,0,0,ICU,7,4,0.501,low
2024-03-11,0,3,0,0,0,0,Pediatrics,12,6,0.53,low
2024-03-11,0,3,0,0,0,0,Maternity,9,5,0.643,medium
2024-03-11,0,3,0,0,0,0,Orthopedics,8,3,0.46,low
2024-03-12,1,3,0,0,0,0,General,26,19,0.726,medium
2024-03-12,1,3,0,0,0,0,ICU,7,4,0.591,low
2024-03-12,1,3,0,0,0,0,Pediatrics,12,8,0.722,medium
2024-03-12,1,3,0,0,0,0,Maternity,9,6,0.674,medium
2024-03-12,1,3,0,0,0,0,Orthopedics,8,5,0.622,medium
2024-03-13,2,3,0,0,0,0,General,26,19,0.645,medium
2024-03-13,2,3,0,0,0,0,ICU,7,3,0.466,low
2024-03-13,2,3,0,0,0,0,Pediatrics,12,8,0.657,medium
2024-03-13,2,3,0,0,0,0,Maternity,9,6,0.684,medium
2024-03-13,2,3,0,0,0,0,Orthopedics,8,5,0.586,low
2024-03-14,3,3,0,0,0,0,General,26,19,0.682,medium
2024-03-14,3,3,0,0,0,0,ICU,7,4,0.486,low
2024-03-14,3,3,0,0,0,0,Pediatrics,12,9,0.774,medium
2024-03-14,3,3,0,0,0,0,Maternity,9,6,0.716,medium
2024-03-14,3,3,0,0,0,0,Orthopedics,8,6,0.801,medium
2024-03-15,4,3,0,0,0,1,General,26,14,0.474,low
2024-03-15,4,3,0,0,0,1,ICU,7,4,0.573,low
2024-03-15,4,3,0,0,0,1,Pediatrics,12,9,0.714,medium
2024-03-15,4,3,0,0,0,1,Maternity,9,4,0.407,low
2024-03-15,4,3,0,0,0,1,Orthopedics,8,3,0.305,low
2024-03-16,5,3,1,0,0,0,General,26,12,0.394,low
2024-03-16,5,3,1,0,0,0,ICU,7,4,0.624,medium
2024-03-16,5,3,1,0,0,0,Pediatrics,12,5,0.548,low
2024-03-16,5,3,1,0,0,0,Maternity,9,5,0.565,low
2024-03-16,5,3,1,0,0,0,Orthopedics,8,3,0.41,low
2024-03-17,6,3,1,0,0,0,General,26,12,0.468,low
2024-03-17,6,3,1,0,0,0,ICU,7,6,0.852,high
2024-03-17,6,3,1,0,0,0,Pediatrics,12,7,0.548,low
2024-03-17,6,3,1,0,0,0,Maternity,9,4,0.533,low
2024-03-17,6,3,1,0,0,0,Orthopedics,8,3,0.466,low
2024-03-18,0,3,0,0,0,0,General,26,20,0.741,medium
2024-03-18,0,3,0,0,0,0,ICU,7,4,0.62,medium
2024-03-18,0,3,0,0,0,0,Pediatrics,12,9,0.671,medium
2024-03-18,0,3,0,0,0,0,Maternity,9,5,0.543,low
2024-03-18,0,3,0,0,0,0,Orthopedics,8,5,0.656,medium
2024-03-19,1,3,0,0,0,0,General,26,18,0.626,medium
2024-03-19,1,3,0,0,0,0,ICU,7,4,0.602,medium
2024-03-19,1,3,0,0,0,0,Pediatrics,12,9,0.804,medium
2024-03-19,1,3,0,0,0,0,Maternity,9,7,0.801,medium
2024-03-19,1,3,0,0,0,0,Orthopedics,8,5,0.542,low
2024-03-20,2,3,0,0,0,0,General,26,19,0.741,medium
2024-03-20,2,3,0,0,0,0,ICU,7,4,0.508,low
2024-03-20,2,3,0,0,0,0,Pediatrics,12,7,0.636,medium
2024-03-20,2,3,0,0,0,0,Maternity,9,6,0.701,medium
2024-03-20,2,3,0,0,0,0,Orthopedics,8,5,0.626,medium
2024-03-21,3,3,0,0,0,0,General,26,21,0.782,medium
2024-03-21,3,3,0,0,0,0,ICU,7,4,0.548,low
2024-03-21,3,3,0,0,0,0,Pediatrics,12,7,0.568,low
2024-03-21,3,3,0,0,0,0,Maternity,9,6,0.643,medium
2024-03-21,3,3,0,0,0,0,Orthopedics,8,6,0.705,medium
2024-03-22,4,3,0,0,0,0,General,26,17,0.632,medium
2024-03-22,4,3,0,0,0,0,ICU,7,5,0.724,medium
2024-03-22,4,3,0,0,0,0,Pediatrics,12,9,0.676,medium
2024-03-22,4,3,0,0,0,0,Maternity,9,6,0.711,medium
2024-03-22,4,3,0,0,0,0,Orthopedics,8,5,0.678,medium
2024-03-23,5,3,1,0,0,0,General,26,12,0.532,low
2024-03-23,5,3,1,0,0,0,ICU,7,6,0.839,medium
2024-03-23,5,3,1,0,0,0,Pediatrics,12,6,0.573,low
2024-03-23,5,3,1,0,0,0,Maternity,9,6,0.641,medium
2024-03-23,5,3,1,0,0,0,Orthopedics,8,4,0.486,low
2024-03-24,6,3,1,0,0,0,General,26,11,0.377,low
2024-03-24,6,3,1,0,0,0,ICU,7,4,0.533,low
2024-03-24,6,3,1,0,0,0,Pediatrics,12,6,0.512,low
2024-03-24,6,3,1,0,0,0,Maternity,9,6,0.617,medium
2024-03-24,6,3,1,0,0,0,Orthopedics,8,4,0.489,low
2024-03-25,0,3,0,0,0,0,General,26,18,0.726,medium
2024-03-25,0,3,0,0,0,0,ICU,7,3,0.448,low
2024-03-25,0,3,0,0,0,0,Pediatrics,12,8,0.691,medium
2024-03-25,0,3,0,0,0,0,Maternity,9,6,0.789,medium
2024-03-25,0,3,0,0,0,0,Orthopedics,8,5,0.598,low
2024-03-26,1,3,0,0,0,1,General,26,18,0.665,medium
2024-03-26,1,3,0,0,0,1,ICU,7,4,0.631,medium
2024-03-26,1,3,0,0,0,1,Pediatrics,12,11,0.888,high
2024-03-26,1,3,0,0,0,1,Maternity,9,4,0.468,low
2024-03-26,1,3,0,0,0,1,Orthopedics,8,3,0.407,low
2024-03-27,2,3,0,0,0,0,General,26,19,0.655,medium
2024-03-27,2,3,0,0,0,0,ICU,7,5,0.804,medium
2024-03-27,2,3,0,0,0,0,Pediatrics,12,7,0.564,low
2024-03-27,2,3,0,0,0,0,Maternity,9,6,0.683,medium
2024-03-27,2,3,0,0,0,0,Orthopedics,8,5,0.726,medium
2024-03-28,3,3,0,0,0,0,General,26,18,0.652,medium
2024-03-28,3,3,0,0,0,0,ICU,7,3,0.392,low
2024-03-28,3,3,0,0,0,0,Pediatrics,12,8,0.756,medium
2024-03-28,3,3,0,0,0,0,Maternity,9,6,0.678,medium
2024-03-28,3,3,0,0,0,0,Orthopedics,8,5,0.684,medium
2024-03-29,4,3,0,0,0,0,General,26,25,0.935,high
2024-03-29,4,3,0,0,0,0,ICU,7,4,0.624,medium
2024-03-29,4,3,0,0,0,0,Pediatrics,12,9,0.842,medium
2024-03-29,4,3,0,0,0,0,Maternity,9,7,0.76,medium
2024-03-29,4,3,0,0,0,0,Orthopedics,8,5,0.68,medium
2024-03-30,5,3,1,0,0,0,General,26,15,0.602,medium
2024-03-30,5,3,1,0,0,0,ICU,7,5,0.773,medium
2024-03-30,5,3,1,0,0,0,Pediatrics,12,7,0.616,medium
2024-03-30,5,3,1,0,0,0,Maternity,9,4,0.452,low
2024-03-30,5,3,1,0,0,0,Orthopedics,8,4,0.459,low
2024-03-31,6,3,1,0,0,0,General,26,14,0.519,low
2024-03-31,6,3,1,0,0,0,ICU,7,5,0.778,medium
2024-03-31,6,3,1,0,0,0,Pediatrics,12,6,0.502,low
2024-03-31,6,3,1,0,0,0,Maternity,9,4,0.482,low
2024-03-31,6,3,1,0,0,0,Orthopedics,8,4,0.608,medium
2024-04-01,0,4,0,0,0,1,General,26,19,0.742,medium
2024-04-01,0,4,0,0,0,1,ICU,7,5,0.793,medium
2024-04-01,0,4,0,0,0,1,Pediatrics,12,9,0.764,medium
2024-04-01,0,4,0,0,0,1,Maternity,9,5,0.565,low
2024-04-01,0,4,0,0,0,1,Orthopedics,8,3,0.385,low
2024-04-02,1,4,0,0,0,0,General,26,21,0.756,medium
2024-04-02,1,4,0,0,0,0,ICU,7,4,0.536,low
2024-04-02,1,4,0,0,0,0,Pediatrics,12,9,0.674,medium
2024-04-02,1,4,0,0,0,0,Maternity,9,5,0.574,low
2024-04-02,1,4,0,0,0,0,Orthopedics,8,6,0.747,medium
2024-04-03,2,4,0,0,0,0,General,26,17,0.748,medium
2024-04-03,2,4,0,0,0,0,ICU,7,3,0.319,low
2024-04-03,2,4,0,0,0,0,Pediatrics,12,9,0.725,medium
2024-04-03,2,4,0,0,0,0,Maternity,9,5,0.591,low
2024-04-03,2,4,0,0,0,0,Orthopedics,8,5,0.597,low
2024-04-04,3,4,0,0,0,0,General,26,15,0.621,medium
2024-04-04,3,4,0,0,0,0,ICU,7,4,0.566,low
2024-04-04,3,4,0,0,0,0,Pediatrics,12,10,0.78,medium
2024-04-04,3,4,0,0,0,0,Maternity,9,5,0.521,low
2024-04-04,3,4,0,0,0,0,Orthopedics,8,5,0.637,medium
2024-04-05,4,4,0,0,0,0,General,26,17,0.671,medium
2024-04-05,4,4,0,0,0,0,ICU,7,3,0.501,low
2024-04-05,4,4,0,0,0,0,Pediatrics,12,8,0.723,medium
2024-04-05,4,4,0,0,0,0,Maternity,9,6,0.69,medium
2024-04-05,4,4,0,0,0,0,Orthopedics,8,5,0.647,medium
2024-04-06,5,4,1,0,0,0,General,26,15,0.643,medium
2024-04-06,5,4,1,0,0,0,ICU,7,5,0.75,medium
2024-04-06,5,4,1,0,0,0,Pediatrics,12,6,0.572,low
2024-04-06,5,4,1,0,0,0,Maternity,9,4,0.534,low
2024-04-06,5,4,1,0,0,0,Orthopedics,8,4,0.428,low
2024-04-07,6,4,1,0,0,0,General,26,14,0.504,low
2024-04-07,6,4,1,0,0,0,ICU,7,5,0.682,medium
2024-04-07,6,4,1,0,0,0,Pediatrics,12,6,0.406,low
2024-04-07,6,4,1,0,0,0,Maternity,9,4,0.323,low
2024-04-07,6,4,1,0,0,0,Orthopedics,8,3,0.413,low
2024-04-08,0,4,0,0,0,0,General,26,20,0.791,medium
2024-04-08,0,4,0,0,0,0,ICU,7,3,0.426,low
2024-04-08,0,4,0,0,0,0,Pediatrics,12,8,0.609,medium
2024-04-08,0,4,0,0,0,0,Maternity,9,7,0.822,medium
2024-04-08,0,4,0,0,0,0,Orthopedics,8,5,0.626,medium
2024-04-09,1,4,0,0,0,0,General,26,19,0.629,medium
2024-04-09,1,4,0,0,0,0,ICU,7,4,0.537,low
2024-04-09,1,4,0,0,0,0,Pediatrics,12,7,0.569,low
2024-04-09,1,4,0,0,0,0,Maternity,9,8,0.921,high
2024-04-09,1,4,0,0,0,0,Orthopedics,8,5,0.654,medium
2024-04-10,2,4,0,0,0,0,General,26,22,0.892,high
2024-04-10,2,4,0,0,0,0,ICU,7,4,0.539,low
2024-04-10,2,4,0,0,0,0,Pediatrics,12,9,0.77,medium
2024-04-10,2,4,0,0,0,0,Maternity,9,7,0.81,medium
2024-04-10,2,4,0,0,0,0,Orthopedics,8,6,0.723,medium
2024-04-11,3,4,0,0,0,0,General,26,22,0.856,high
2024-04-11,3,4,0,0,0,0,ICU,7,5,0.68,medium
2024-04-11,3,4,0,0,0,0,Pediatrics,12,10,0.843,medium
2024-04-11,3,4,0,0,0,0,Maternity,9,5,0.531,low
2024-04-11,3,4,0,0,0,0,Orthopedics,8,5,0.646,medium
2024-04-12,4,4,0,0,0,0,General,26,19,0.702,medium
2024-04-12,4,4,0,0,0,0,ICU,7,4,0.679,medium
2024-04-12,4,4,0,0,0,0,Pediatrics,12,10,0.855,high
2024-04-12,4,4,0,0,0,0,Maternity,9,6,0.673,medium
2024-04-12,4,4,0,0,0,0,Orthopedics,8,5,0.574,low
2024-04-13,5,4,1,0,0,0,General,26,13,0.417,low
2024-04-13,5,4,1,0,0,0,ICU,7,5,0.747,medium
2024-04-13,5,4,1,0,0,0,Pediatrics,12,6,0.579,low
2024-04-13,5,4,1,0,0,0,Maternity,9,4,0.371,low
2024-04-13,5,4,1,0,0,0,Orthopedics,8,4,0.552,low
2024-04-14,6,4,1,0,0,0,General,26,17,0.631,medium
2024-04-14,6,4,1,0,0,0,ICU,7,5,0.712,medium
2024-04-14,6,4,1,0,0,0,Pediatrics,12,6,0.544,low
2024-04-14,6,4,1,0,0,0,Maternity,9,5,0.477,low
2024-04-14,6,4,1,0,0,0,Orthopedics,8,5,0.694,medium
2024-04-15,0,4,0,0,0,1,General,26,18,0.712,medium
2024-04-15,0,4,0,0,0,1,ICU,7,5,0.727,medium
2024-04-15,0,4,0,0,0,1,Pediatrics,12,8,0.633,medium
2024-04-15,0,4,0,0,0,1,Maternity,9,4,0.503,low
2024-04-15,0,4,0,0,0,1,Orthopedics,8,4,0.481,low
2024-04-16,1,4,0,0,0,0,General,26,20,0.627,medium
2024-04-16,1,4,0,0,0,0,ICU,7,5,0.627,medium
2024-04-16,1,4,0,0,0,0,Pediatrics,12,8,0.611,medium
2024-04-16,1,4,0,0,0,0,Maternity,9,5,0.614,medium
2024-04-16,1,4,0,0,0,0,Orthopedics,8,5,0.642,medium
2024-04-17,2,4,0,0,0,0,General,26,18,0.716,medium
2024-04-17,2,4,0,0,0,0,ICU,7,4,0.507,low
2024-04-17,2,4,0,0,0,0,Pediatrics,12,9,0.725,medium
2024-04-17,2,4,0,0,0,0,Maternity,9,5,0.534,low
2024-04-17,2,4,0,0,0,0,Orthopedics,8,6,0.793,medium
2024-04-18,3,4,0,0,0,0,General,26,17,0.636,medium
2024-04-18,3,4,0,0,0,0,ICU,7,4,0.675,medium
2024-04-18,3,4,0,0,0,0,Pediatrics,12,8,0.688,medium
2024-04-18,3,4,0,0,0,0,Maternity,9,7,0.79,medium
2024-04-18,3,4,0,0,0,0,Orthopedics,8,5,0.615,medium
2024-04-19,4,4,0,0,0,0,General,26,18,0.69,medium
2024-04-19,4,4,0,0,0,0,ICU,7,4,0.574,low
2024-04-19,4,4,0,0,0,0,Pediatrics,12,9,0.746,medium
2024-04-19,4,4,0,0,0,0,Maternity,9,6,0.567,low
2024-04-19,4,4,0,0,0,0,Orthopedics,8,6,0.767,medium
2024-04-20,5,4,1,0,0,0,General,26,16,0.471,low
2024-04-20,5,4,1,0,0,0,ICU,7,6,0.85,high
2024-04-20,5,4,1,0,0,0,Pediatrics,12,7,0.531,low
2024-04-20,5,4,1,0,0,0,Maternity,9,5,0.503,low
2024-04-20,5,4,1,0,0,0,Orthopedics,8,3,0.471,low
2024-04-21,6,4,1,0,0,0,General,26,13,0.511,low
2024-04-21,6,4,1,0,0,0,ICU,7,5,0.739,medium
2024-04-21,6,4,1,0,0,0,Pediatrics,12,6,0.518,low
2024-04-21,6,4,1,0,0,0,Maternity,9,6,0.664,medium
2024-04-21,6,4,1,0,0,0,Orthopedics,8,4,0.553,low
2024-04-22,0,4,0,0,0,0,General,26,21,0.867,high
2024-04-22,0,4,0,0,0,0,ICU,7,4,0.514,low
2024-04-22,0,4,0,0,0,0,Pediatrics,12,10,0.776,medium
2024-04-22,0,4,0,0,0,0,Maternity,9,6,0.629,medium
2024-04-22,0,4,0,0,0,0,Orthopedics,8,5,0.641,medium
2024-04-23,1,4,0,0,0,0,General,26,19,0.752,medium
2024-04-23,1,4,0,0,0,0,ICU,7,5,0.737,medium
2024-04-23,1,4,0,0,0,0,Pediatrics,12,8,0.715,medium
2024-04-23,1,4,0,0,0,0,Maternity,9,7,0.716,medium
2024-04-23,1,4,0,0,0,0,Orthopedics,8,5,0.66,medium
2024-04-24,2,4,0,0,0,0,General,26,17,0.723,medium
2024-04-24,2,4,0,0,0,0,ICU,7,4,0.578,low
2024-04-24,2,4,0,0,0,0,Pediatrics,12,8,0.667,medium
2024-04-24,2,4,0,0,0,0,Maternity,9,5,0.484,low
2024-04-24,2,4,0,0,0,0,Orthopedics,8,6,0.708,medium
2024-04-25,3,4,0,0,0,0,General,26,15,0.469,low
2024-04-25,3,4,0,0,0,0,ICU,7,4,0.505,low
2024-04-25,3,4,0,0,0,0,Pediatrics,12,10,0.884,high
2024-04-25,3,4,0,0,0,0,Maternity,9,5,0.668,medium
2024-04-25,3,4,0,0,0,0,Orthopedics,8,6,0.734,medium
2024-04-26,4,4,0,0,0,1,General,26,12,0.576,low
2024-04-26,4,4,0,0,0,1,ICU,7,3,0.346,low
2024-04-26,4,4,0,0,0,1,Pediatrics,12,10,0.955,high
2024-04-26,4,4,0,0,0,1,Maternity,9,5,0.584,low
2024-04-26,4,4,0,0,0,1,Orthopedics,8,4,0.543,low
2024-04-27,5,4,1,0,0,0,General,26,15,0.591,low
2024-04-27,5,4,1,0,0,0,ICU,7,5,0.711,medium
2024-04-27,5,4,1,0,0,0,Pediatrics,12,5,0.403,low
2024-04-27,5,4,1,0,0,0,Maternity,9,3,0.328,low
2024-04-27,5,4,1,0,0,0,Orthopedics,8,3,0.32,low
2024-04-28,6,4,1,0,0,0,General,26,14,0.608,medium
2024-04-28,6,4,1,0,0,0,ICU,7,5,0.636,medium
2024-04-28,6,4,1,0,0,0,Pediatrics,12,5,0.464,low
2024-04-28,6,4,1,0,0,0,Maternity,9,4,0.433,low
2024-04-28,6,4,1,0,0,0,Orthopedics,8,4,0.452,low
2024-04-29,0,4,0,0,0,0,General,26,18,0.626,medium
2024-04-29,0,4,0,0,0,0,ICU,7,4,0.587,low
2024-04-29,0,4,0,0,0,0,Pediatrics,12,6,0.522,low
2024-04-29,0,4,0,0,0,0,Maternity,9,6,0.694,medium
2024-04-29,0,4,0,0,0,0,Orthopedics,8,5,0.693,medium
2024-04-30,1,4,0,0,0,0,General,26,18,0.671,medium
2024-04-30,1,4,0,0,0,0,ICU,7,4,0.599,low
2024-04-30,1,4,0,0,0,0,Pediatrics,12,8,0.669,medium
2024-04-30,1,4,0,0,0,0,Maternity,9,5,0.522,low
2024-04-30,1,4,0,0,0,0,Orthopedics,8,4,0.587,low
2024-05-01,2,5,0,0,0,1,General,26,16,0.581,low
2024-05-01,2,5,0,0,0,1,ICU,7,4,0.616,medium
2024-05-01,2,5,0,0,0,1,Pediatrics,12,8,0.729,medium
2024-05-01,2,5,0,0,0,1,Maternity,9,4,0.458,low
2024-05-01,2,5,0,0,0,1,Orthopedics,8,3,0.482,low
2024-05-02,3,5,0,0,0,0,General,26,15,0.592,low
2024-05-02,3,5,0,0,0,0,ICU,7,4,0.592,low
2024-05-02,3,5,0,0,0,0,Pediatrics,12,8,0.66,medium
2024-05-02,3,5,0,0,0,0,Maternity,9,6,0.659,medium
2024-05-02,3,5,0,0,0,0,Orthopedics,8,6,0.861,high
2024-05-03,4,5,0,0,0,0,General,26,16,0.547,low
2024-05-03,4,5,0,0,0,0,ICU,7,4,0.7,medium
2024-05-03,4,5,0,0,0,0,Pediatrics,12,7,0.665,medium
2024-05-03,4,5,0,0,0,0,Maternity,9,8,0.861,high
2024-05-03,4,5,0,0,0,0,Orthopedics,8,5,0.706,medium
2024-05-04,5,5,1,0,0,0,General,26,13,0.49,low
2024-05-04,5,5,1,0,0,0,ICU,7,4,0.521,low
2024-05-04,5,5,1,0,0,0,Pediatrics,12,5,0.355,low
2024-05-04,5,5,1,0,0,0,Maternity,9,5,0.517,low
2024-05-04,5,5,1,0,0,0,Orthopedics,8,4,0.422,low
2024-05-05,6,5,1,0,0,0,General,26,14,0.58,low
2024-05-05,6,5,1,0,0,0,ICU,7,3,0.447,low
2024-05-05,6,5,1,0,0,0,Pediatrics,12,7,0.523,low
2024-05-05,6,5,1,0,0,0,Maternity,9,6,0.688,medium
2024-05-05,6,5,1,0,0,0,Orthopedics,8,3,0.372,low
2024-05-06,0,5,0,0,0,0,General,26,20,0.773,medium
2024-05-06,0,5,0,0,0,0,ICU,7,4,0.525,low
2024-05-06,0,5,0,0,0,0,Pediatrics,12,8,0.596,low
2024-05-06,0,5,0,0,0,0,Maternity,9,6,0.621,medium
2024-05-06,0,5,0,0,0,0,Orthopedics,8,4,0.562,low
2024-05-07,1,5,0,0,0,0,General,26,21,0.838,medium
2024-05-07,1,5,0,0,0,0,ICU,7,3,0.413,low
2024-05-07,1,5,0,0,0,0,Pediatrics,12,9,0.757,medium
2024-05-07,1,5,0,0,0,0,Maternity,9,8,0.909,high
2024-05-07,1,5,0,0,0,0,Orthopedics,8,5,0.61,medium
2024-05-08,2,5,0,0,0,0,General,26,18,0.685,medium
2024-05-08,2,5,0,0,0,0,ICU,7,4,0.619,medium
2024-05-08,2,5,0,0,0,0,Pediatrics,12,7,0.517,low
2024-05-08,2,5,0,0,0,0,Maternity,9,4,0.47,low
2024-05-08,2,5,0,0,0,0,Orthopedics,8,4,0.392,low
2024-05-09,3,5,0,0,0,0,General,26,19,0.855,high
2024-05-09,3,5,0,0,0,0,ICU,7,4,0.613,medium
2024-05-09,3,5,0,0,0,0,Pediatrics,12,8,0.662,medium
2024-05-09,3,5,0,0,0,0,Maternity,9,7,0.763,medium
2024-05-09,3,5,0,0,0,0,Orthopedics,8,5,0.641,medium
2024-05-10,4,5,0,0,0,0,General,26,16,0.665,medium
2024-05-10,4,5,0,0,0,0,ICU,7,4,0.534,low
2024-05-10,4,5,0,0,0,0,Pediatrics,12,9,0.705,medium
2024-05-10,4,5,0,0,0,0,Maternity,9,6,0.666,medium
2024-05-10,4,5,0,0,0,0,Orthopedics,8,6,0.774,medium
2024-05-11,5,5,1,0,0,0,General,26,13,0.541,low
2024-05-11,5,5,1,0,0,0,ICU,7,6,0.885,high
2024-05-11,5,5,1,0,0,0,Pediatrics,12,6,0.434,low
2024-05-11,5,5,1,0,0,0,Maternity,9,4,0.429,low
2024-05-11,5,5,1,0,0,0,Orthopedics,8,3,0.366,low
2024-05-12,6,5,1,0,0,0,General,26,14,0.565,low
2024-05-12,6,5,1,0,0,0,ICU,7,5,0.739,medium
2024-05-12,6,5,1,0,0,0,Pediatrics,12,6,0.401,low
2024-05-12,6,5,1,0,0,0,Maternity,9,4,0.437,low
2024-05-12,6,5,1,0,0,0,Orthopedics,8,3,0.405,low
2024-05-13,0,5,0,0,0,0,General,26,22,0.907,high
2024-05-13,0,5,0,0,0,0,ICU,7,4,0.646,medium
2024-05-13,0,5,0,0,0,0,Pediatrics,12,8,0.65,medium
2024-05-13,0,5,0,0,0,0,Maternity,9,5,0.54,low
2024-05-13,0,5,0,0,0,0,Orthopedics,8,5,0.634,medium
2024-05-14,1,5,0,0,0,0,General,26,18,0.692,medium
2024-05-14,1,5,0,0,0,0,ICU,7,4,0.631,medium
2024-05-14,1,5,0,0,0,0,Pediatrics,12,9,0.676,medium
2024-05-14,1,5,0,0,0,0,Maternity,9,4,0.491,low
2024-05-14,1,5,0,0,0,0,Orthopedics,8,4,0.489,low
2024-05-15,2,5,0,0,0,1,General,26,16,0.525,low
2024-05-15,2,5,0,0,0,1,ICU,7,5,0.752,medium
2024-05-15,2,5,0,0,0,1,Pediatrics,12,8,0.537,low
2024-05-15,2,5,0,0,0,1,Maternity,9,4,0.464,low
2024-05-15,2,5,0,0,0,1,Orthopedics,8,3,0.384,low
2024-05-16,3,5,0,0,0,0,General,26,18,0.721,medium
2024-05-16,3,5,0,0,0,0,ICU,7,4,0.523,low
2024-05-16,3,5,0,0,0,0,Pediatrics,12,9,0.742,medium
2024-05-16,3,5,0,0,0,0,Maternity,9,6,0.62,medium
2024-05-16,3,5,0,0,0,0,Orthopedics,8,5,0.581,low
2024-05-17,4,5,0,0,0,0,General,26,18,0.778,medium
2024-05-17,4,5,0,0,0,0,ICU,7,3,0.348,low
2024-05-17,4,5,0,0,0,0,Pediatrics,12,10,0.823,medium
2024-05-17,4,5,0,0,0,0,Maternity,9,5,0.608,medium
2024-05-17,4,5,0,0,0,0,Orthopedics,8,5,0.716,medium
2024-05-18,5,5,1,0,0,0,General,26,15,0.553,low
2024-05-18,5,5,1,0,0,0,ICU,7,6,0.827,medium
2024-05-18,5,5,1,0,0,0,Pediatrics,12,7,0.598,low
2024-05-18,5,5,1,0,0,0,Maternity,9,5,0.634,medium
2024-05-18,5,5,1,0,0,0,Orthopedics,8,4,0.462,low
2024-05-19,6,5,1,0,0,0,General,26,14,0.505,low
2024-05-19,6,5,1,0,0,0,ICU,7,6,0.864,high
2024-05-19,6,5,1,0,0,0,Pediatrics,12,6,0.509,low
2024-05-19,6,5,1,0,0,0,Maternity,9,4,0.396,low
2024-05-19,6,5,1,0,0,0,Orthopedics,8,4,0.467,low
2024-05-20,0,5,0,0,0,0,General,26,15,0.604,medium
2024-05-20,0,5,0,0,0,0,ICU,7,5,0.75,medium
2024-05-20,0,5,0,0,0,0,Pediatrics,12,9,0.712,medium
2024-05-20,0,5,0,0,0,0,Maternity,9,5,0.631,medium
2024-05-20,0,5,0,0,0,0,Orthopedics,8,5,0.612,medium
2024-05-21,1,5,0,0,0,0,General,26,22,0.874,high
2024-05-21,1,5,0,0,0,0,ICU,7,4,0.68,medium
2024-05-21,1,5,0,0,0,0,Pediatrics,12,7,0.63,medium
2024-05-21,1,5,0,0,0,0,Maternity,9,6,0.68,medium
2024-05-21,1,5,0,0,0,0,Orthopedics,8,6,0.775,medium
2024-05-22,2,5,0,0,0,0,General,26,19,0.784,medium
2024-05-22,2,5,0,0,0,0,ICU,7,4,0.529,low
2024-05-22,2,5,0,0,0,0,Pediatrics,12,7,0.485,low
2024-05-22,2,5,0,0,0,0,Maternity,9,8,0.834,medium
2024-05-22,2,5,0,0,0,0,Orthopedics,8,5,0.611,medium
2024-05-23,3,5,0,0,0,0,General,26,19,0.772,medium
2024-05-23,3,5,0,0,0,0,ICU,7,5,0.685,medium
2024-05-23,3,5,0,0,0,0,Pediatrics,12,8,0.681,medium
2024-05-23,3,5,0,0,0,0,Maternity,9,6,0.747,medium
2024-05-23,3,5,0,0,0,0,Orthopedics,8,5,0.662,medium
2024-05-24,4,5,0,0,0,0,General,26,20,0.828,medium
2024-05-24,4,5,0,0,0,0,ICU,7,4,0.507,low
2024-05-24,4,5,0,0,0,0,Pediatrics,12,8,0.634,medium
2024-05-24,4,5,0,0,0,0,Maternity,9,6,0.696,medium
2024-05-24,4,5,0,0,0,0,Orthopedics,8,6,0.751,medium
2024-05-25,5,5,1,0,0,0,General,26,14,0.624,medium
2024-05-25,5,5,1,0,0,0,ICU,7,5,0.844,medium
2024-05-25,5,5,1,0,0,0,Pediatrics,12,7,0.495,low
2024-05-25,5,5,1,0,0,0,Maternity,9,5,0.575,low
2024-05-25,5,5,1,0,0,0,Orthopedics,8,4,0.534,low
2024-05-26,6,5,1,0,0,1,General,26,15,0.516,low
2024-05-26,6,5,1,0,0,1,ICU,7,5,0.672,medium
2024-05-26,6,5,1,0,0,1,Pediatrics,12,6,0.529,low
2024-05-26,6,5,1,0,0,1,Maternity,9,4,0.464,low
2024-05-26,6,5,1,0,0,1,Orthopedics,8,2,0.272,low
2024-05-27,0,5,0,0,0,0,General,26,21,0.777,medium
2024-05-27,0,5,0,0,0,0,ICU,7,4,0.572,low
2024-05-27,0,5,0,0,0,0,Pediatrics,12,7,0.616,medium
2024-05-27,0,5,0,0,0,0,Maternity,9,6,0.688,medium
2024-05-27,0,5,0,0,0,0,Orthopedics,8,4,0.478,low
2024-05-28,1,5,0,0,0,0,General,26,20,0.751,medium
2024-05-28,1,5,0,0,0,0,ICU,7,5,0.694,medium
2024-05-28,1,5,0,0,0,0,Pediatrics,12,8,0.713,medium
2024-05-28,1,5,0,0,0,0,Maternity,9,5,0.468,low
2024-05-28,1,5,0,0,0,0,Orthopedics,8,4,0.563,low
2024-05-29,2,5,0,0,0,0,General,26,17,0.782,medium
2024-05-29,2,5,0,0,0,0,ICU,7,4,0.581,low
2024-05-29,2,5,0,0,0,0,Pediatrics,12,10,0.934,high
2024-05-29,2,5,0,0,0,0,Maternity,9,8,0.949,high
2024-05-29,2,5,0,0,0,0,Orthopedics,8,6,0.78,medium
2024-05-30,3,5,0,0,0,0,General,26,20,0.742,medium
2024-05-30,3,5,0,0,0,0,ICU,7,4,0.571,low
2024-05-30,3,5,0,0,0,0,Pediatrics,12,8,0.644,medium
2024-05-30,3,5,0,0,0,0,Maternity,9,7,0.826,medium
2024-05-30,3,5,0,0,0,0,Orthopedics,8,5,0.699,medium
2024-05-31,4,5,0,0,0,0,General,26,15,0.567,low
2024-05-31,4,5,0,0,0,0,ICU,7,4,0.478,low
2024-05-31,4,5,0,0,0,0,Pediatrics,12,8,0.661,medium
2024-05-31,4,5,0,0,0,0,Maternity,9,7,0.809,medium
2024-05-31,4,5,0,0,0,0,Orthopedics,8,4,0.593,low
2024-06-01,5,6,1,0,0,1,General,26,18,0.721,medium
2024-06-01,5,6,1,0,0,1,ICU,7,5,0.666,medium
2024-06-01,5,6,1,0,0,1,Pediatrics,12,6,0.554,low
2024-06-01,5,6,1,0,0,1,Maternity,9,4,0.522,low
2024-06-01,5,6,1,0,0,1,Orthopedics,8,2,0.194,low
2024-06-02,6,6,1,0,0,0,General,26,14,0.45,low
2024-06-02,6,6,1,0,0,0,ICU,7,5,0.707,medium
2024-06-02,6,6,1,0,0,0,Pediatrics,12,6,0.42,low
2024-06-02,6,6,1,0,0,0,Maternity,9,5,0.529,low
2024-06-02,6,6,1,0,0,0,Orthopedics,8,3,0.231,low
2024-06-03,0,6,0,0,0,0,General,26,18,0.781,medium
2024-06-03,0,6,0,0,0,0,ICU,7,5,0.691,medium
2024-06-03,0,6,0,0,0,0,Pediatrics,12,7,0.607,medium
2024-06-03,0,6,0,0,0,0,Maternity,9,5,0.571,low
2024-06-03,0,6,0,0,0,0,Orthopedics,8,6,0.811,medium
2024-06-04,1,6,0,0,0,0,General,26,18,0.682,medium
2024-06-04,1,6,0,0,0,0,ICU,7,3,0.387,low
2024-06-04,1,6,0,0,0,0,Pediatrics,12,8,0.685,medium
2024-06-04,1,6,0,0,0,0,Maternity,9,7,0.738,medium
2024-06-04,1,6,0,0,0,0,Orthopedics,8,6,0.736,medium
2024-06-05,2,6,0,0,0,0,General,26,18,0.655,medium
2024-06-05,2,6,0,0,0,0,ICU,7,3,0.473,low
2024-06-05,2,6,0,0,0,0,Pediatrics,12,9,0.736,medium
2024-06-05,2,6,0,0,0,0,Maternity,9,6,0.692,medium
2024-06-05,2,6,0,0,0,0,Orthopedics,8,4,0.474,low
2024-06-06,3,6,0,0,0,0,General,26,20,0.707,medium
2024-06-06,3,6,0,0,0,0,ICU,7,4,0.504,low
2024-06-06,3,6,0,0,0,0,Pediatrics,12,9,0.748,medium
2024-06-06,3,6,0,0,0,0,Maternity,9,5,0.614,medium
2024-06-06,3,6,0,0,0,0,Orthopedics,8,4,0.459,low
2024-06-07,4,6,0,0,0,0,General,26,19,0.788,medium
2024-06-07,4,6,0,0,0,0,ICU,7,3,0.432,low
2024-06-07,4,6,0,0,0,0,Pediatrics,12,9,0.785,medium
2024-06-07,4,6,0,0,0,0,Maternity,9,6,0.648,medium
2024-06-07,4,6,0,0,0,0,Orthopedics,8,4,0.504,low
2024-06-08,5,6,1,0,0,0,General,26,11,0.277,low
2024-06-08,5,6,1,0,0,0,ICU,7,5,0.759,medium
2024-06-08,5,6,1,0,0,0,Pediatrics,12,4,0.283,low
2024-06-08,5,6,1,0,0,0,Maternity,9,5,0.658,medium
2024-06-08,5,6,1,0,0,0,Orthopedics,8,4,0.464,low
2024-06-09,6,6,1,0,0,0,General,26,13,0.569,low
2024-06-09,6,6,1,0,0,0,ICU,7,4,0.531,low
2024-06-09,6,6,1,0,0,0,Pediatrics,12,6,0.452,low
2024-06-09,6,6,1,0,0,0,Maternity,9,5,0.637,medium
2024-06-09,6,6,1,0,0,0,Orthopedics,8,4,0.487,low
2024-06-10,0,6,0,0,0,0,General,26,17,0.576,low
2024-06-10,0,6,0,0,0,0,ICU,7,5,0.71,medium
2024-06-10,0,6,0,0,0,0,Pediatrics,12,8,0.826,medium
2024-06-10,0,6,0,0,0,0,Maternity,9,6,0.629,medium
2024-06-10,0,6,0,0,0,0,Orthopedics,8,5,0.682,medium
2024-06-11,1,6,0,0,0,0,General,26,18,0.62,medium
2024-06-11,1,6,0,0,0,0,ICU,7,5,0.681,medium
2024-06-11,1,6,0,0,0,0,Pediatrics,12,10,0.887,high
2024-06-11,1,6,0,0,0,0,Maternity,9,6,0.731,medium
2024-06-11,1,6,0,0,0,0,Orthopedics,8,5,0.668,medium
2024-06-12,2,6,0,0,0,0,General,26,19,0.688,medium
2024-06-12,2,6,0,0,0,0,ICU,7,4,0.623,medium
2024-06-12,2,6,0,0,0,0,Pediatrics,12,8,0.646,medium
2024-06-12,2,6,0,0,0,0,Maternity,9,5,0.577,low
2024-06-12,2,6,0,0,0,0,Orthopedics,8,7,0.822,medium
2024-06-13,3,6,0,0,0,0,General,26,18,0.763,medium
2024-06-13,3,6,0,0,0,0,ICU,7,4,0.594,low
2024-06-13,3,6,0,0,0,0,Pediatrics,12,7,0.605,medium
2024-06-13,3,6,0,0,0,0,Maternity,9,6,0.716,medium
2024-06-13,3,6,0,0,0,0,Orthopedics,8,6,0.879,high
2024-06-14,4,6,0,0,0,0,General,26,20,0.786,medium
2024-06-14,4,6,0,0,0,0,ICU,7,4,0.554,low
2024-06-14,4,6,0,0,0,0,Pediatrics,12,8,0.652,medium
2024-06-14,4,6,0,0,0,0,Maternity,9,6,0.733,medium
2024-06-14,4,6,0,0,0,0,Orthopedics,8,4,0.557,low
2024-06-15,5,6,1,0,0,1,General,26,18,0.686,medium
2024-06-15,5,6,1,0,0,1,ICU,7,3,0.398,low
2024-06-15,5,6,1,0,0,1,Pediatrics,12,8,0.666,medium
2024-06-15,5,6,1,0,0,1,Maternity,9,3,0.308,low
2024-06-15,5,6,1,0,0,1,Orthopedics,8,3,0.402,low
2024-06-16,6,6,1,0,0,0,General,26,13,0.482,low
2024-06-16,6,6,1,0,0,0,ICU,7,4,0.525,low
2024-06-16,6,6,1,0,0,0,Pediatrics,12,7,0.567,low
2024-06-16,6,6,1,0,0,0,Maternity,9,5,0.632,medium
2024-06-16,6,6,1,0,0,0,Orthopedics,8,4,0.478,low
2024-06-17,0,6,0,0,0,0,General,26,19,0.73,medium
2024-06-17,0,6,0,0,0,0,ICU,7,3,0.445,low
2024-06-17,0,6,0,0,0,0,Pediatrics,12,7,0.643,medium
2024-06-17,0,6,0,0,0,0,Maternity,9,6,0.677,medium
2024-06-17,0,6,0,0,0,0,Orthopedics,8,5,0.612,medium
2024-06-18,1,6,0,0,0,0,General,26,20,0.745,medium
2024-06-18,1,6,0,0,0,0,ICU,7,5,0.647,medium
2024-06-18,1,6,0,0,0,0,Pediatrics,12,8,0.764,medium
2024-06-18,1,6,0,0,0,0,Maternity,9,5,0.522,low
2024-06-18,1,6,0,0,0,0,Orthopedics,8,5,0.634,medium
2024-06-19,2,6,0,0,0,0,General,26,19,0.755,medium
2024-06-19,2,6,0,0,0,0,ICU,7,4,0.627,medium
2024-06-19,2,6,0,0,0,0,Pediatrics,12,8,0.655,medium
2024-06-19,2,6,0,0,0,0,Maternity,9,7,0.873,high
2024-06-19,2,6,0,0,0,0,Orthopedics,8,5,0.576,low
2024-06-20,3,6,0,0,0,0,General,26,21,0.802,medium
2024-06-20,3,6,0,0,0,0,ICU,7,3,0.471,low
2024-06-20,3,6,0,0,0,0,Pediatrics,12,7,0.579,low
2024-06-20,3,6,0,0,0,0,Maternity,9,6,0.676,medium
2024-06-20,3,6,0,0,0,0,Orthopedics,8,6,0.728,medium
2024-06-21,4,6,0,0,0,0,General,26,19,0.718,medium
2024-06-21,4,6,0,0,0,0,ICU,7,4,0.602,medium
2024-06-21,4,6,0,0,0,0,Pediatrics,12,7,0.638,medium
2024-06-21,4,6,0,0,0,0,Maternity,9,6,0.707,medium
2024-06-21,4,6,0,0,0,0,Orthopedics,8,5,0.717,medium
2024-06-22,5,6,1,0,0,0,General,26,13,0.483,low
2024-06-22,5,6,1,0,0,0,ICU,7,5,0.699,medium
2024-06-22,5,6,1,0,0,0,Pediatrics,12,7,0.503,low
2024-06-22,5,6,1,0,0,0,Maternity,9,4,0.391,low
2024-06-22,5,6,1,0,0,0,Orthopedics,8,4,0.586,low
2024-06-23,6,6,1,0,0,0,General,26,13,0.492,low
2024-06-23,6,6,1,0,0,0,ICU,7,5,0.772,medium
2024-06-23,6,6,1,0,0,0,Pediatrics,12,5,0.429,low
2024-06-23,6,6,1,0,0,0,Maternity,9,5,0.581,low
2024-06-23,6,6,1,0,0,0,Orthopedics,8,4,0.55,low
2024-06-24,0,6,0,0,0,0,General,26,11,0.457,low
2024-06-24,0,6,0,0,0,0,ICU,7,4,0.48,low
2024-06-24,0,6,0,0,0,0,Pediatrics,12,9,0.819,medium
2024-06-24,0,6,0,0,0,0,Maternity,9,6,0.714,medium
2024-06-24,0,6,0,0,0,0,Orthopedics,8,6,0.816,medium
2024-06-25,1,6,0,0,0,0,General,26,22,0.883,high
2024-06-25,1,6,0,0,0,0,ICU,7,4,0.491,low
2024-06-25,1,6,0,0,0,0,Pediatrics,12,8,0.625,medium
2024-06-25,1,6,0,0,0,0,Maternity,9,8,0.88,high
2024-06-25,1,6,0,0,0,0,Orthopedics,8,5,0.653,medium
2024-06-26,2,6,0,0,0,1,General,26,20,0.854,high
2024-06-26,2,6,0,0,0,1,ICU,7,4,0.581,low
2024-06-26,2,6,0,0,0,1,Pediatrics,12,8,0.601,medium
2024-06-26,2,6,0,0,0,1,Maternity,9,4,0.443,low
2024-06-26,2,6,0,0,0,1,Orthopedics,8,3,0.34,low
2024-06-27,3,6,0,0,0,0,General,26,14,0.534,low
2024-06-27,3,6,0,0,0,0,ICU,7,3,0.467,low
2024-06-27,3,6,0,0,0,0,Pediatrics,12,8,0.594,low
2024-06-27,3,6,0,0,0,0,Maternity,9,6,0.629,medium
2024-06-27,3,6,0,0,0,0,Orthopedics,8,5,0.692,medium
2024-06-28,4,6,0,0,0,0,General,26,13,0.506,low
2024-06-28,4,6,0,0,0,0,ICU,7,4,0.605,medium
2024-06-28,4,6,0,0,0,0,Pediatrics,12,8,0.629,medium
2024-06-28,4,6,0,0,0,0,Maternity,9,6,0.627,medium
2024-06-28,4,6,0,0,0,0,Orthopedics,8,6,0.751,medium
2024-06-29,5,6,1,0,0,0,General,26,17,0.651,medium
2024-06-29,5,6,1,0,0,0,ICU,7,4,0.496,low
2024-06-29,5,6,1,0,0,0,Pediatrics,12,4,0.254,low
2024-06-29,5,6,1,0,0,0,Maternity,9,5,0.581,low
2024-06-29,5,6,1,0,0,0,Orthopedics,8,3,0.42,low
2024-06-30,6,6,1,0,0,0,General,26,13,0.507,low
2024-06-30,6,6,1,0,0,0,ICU,7,6,0.902,high
2024-06-30,6,6,1,0,0,0,Pediatrics,12,6,0.455,low
2024-06-30,6,6,1,0,0,0,Maternity,9,3,0.297,low
2024-06-30,6,6,1,0,0,0,Orthopedics,8,4,0.451,low
2024-07-01,0,7,0,0,1,1,General,26,24,0.927,high
2024-07-01,0,7,0,0,1,1,ICU,7,4,0.539,low
2024-07-01,0,7,0,0,1,1,Pediatrics,12,11,0.939,high
2024-07-01,0,7,0,0,1,1,Maternity,9,4,0.515,low
2024-07-01,0,7,0,0,1,1,Orthopedics,8,3,0.376,low
2024-07-02,1,7,0,0,1,0,General,26,25,0.973,high
2024-07-02,1,7,0,0,1,0,ICU,7,5,0.729,medium
2024-07-02,1,7,0,0,1,0,Pediatrics,12,9,0.768,medium
2024-07-02,1,7,0,0,1,0,Maternity,9,5,0.561,low
2024-07-02,1,7,0,0,1,0,Orthopedics,8,5,0.615,medium
2024-07-03,2,7,0,0,1,0,General,26,22,0.752,medium
2024-07-03,2,7,0,0,1,0,ICU,7,4,0.576,low
2024-07-03,2,7,0,0,1,0,Pediatrics,12,10,0.782,medium
2024-07-03,2,7,0,0,1,0,Maternity,9,7,0.734,medium
2024-07-03,2,7,0,0,1,0,Orthopedics,8,6,0.771,medium
2024-07-04,3,7,0,0,1,0,General,26,20,0.858,high
2024-07-04,3,7,0,0,1,0,ICU,7,3,0.475,low
2024-07-04,3,7,0,0,1,0,Pediatrics,12,12,0.966,high
2024-07-04,3,7,0,0,1,0,Maternity,9,7,0.765,medium
2024-07-04,3,7,0,0,1,0,Orthopedics,8,5,0.638,medium
2024-07-05,4,7,0,0,1,0,General,26,22,0.887,high
2024-07-05,4,7,0,0,1,0,ICU,7,4,0.484,low
2024-07-05,4,7,0,0,1,0,Pediatrics,12,12,0.917,high
2024-07-05,4,7,0,0,1,0,Maternity,9,7,0.834,medium
2024-07-05,4,7,0,0,1,0,Orthopedics,8,4,0.479,low
2024-07-06,5,7,1,0,1,0,General,26,14,0.528,low
2024-07-06,5,7,1,0,1,0,ICU,7,4,0.61,medium
2024-07-06,5,7,1,0,1,0,Pediatrics,12,9,0.82,medium
2024-07-06,5,7,1,0,1,0,Maternity,9,4,0.434,low
2024-07-06,5,7,1,0,1,0,Orthopedics,8,3,0.335,low
2024-07-07,6,7,1,0,1,0,General,26,19,0.812,medium
2024-07-07,6,7,1,0,1,0,ICU,7,4,0.542,low
2024-07-07,6,7,1,0,1,0,Pediatrics,12,7,0.597,low
2024-07-07,6,7,1,0,1,0,Maternity,9,4,0.466,low
2024-07-07,6,7,1,0,1,0,Orthopedics,8,3,0.374,low
2024-07-08,0,7,0,0,1,0,General,26,24,0.923,high
2024-07-08,0,7,0,0,1,0,ICU,7,4,0.566,low
2024-07-08,0,7,0,0,1,0,Pediatrics,12,10,0.815,medium
2024-07-08,0,7,0,0,1,0,Maternity,9,6,0.747,medium
2024-07-08,0,7,0,0,1,0,Orthopedics,8,5,0.61,medium
2024-07-09,1,7,0,0,1,0,General,26,25,0.945,high
2024-07-09,1,7,0,0,1,0,ICU,7,5,0.733,medium
2024-07-09,1,7,0,0,1,0,Pediatrics,12,10,0.856,high
2024-07-09,1,7,0,0,1,0,Maternity,9,5,0.499,low
2024-07-09,1,7,0,0,1,0,Orthopedics,8,4,0.507,low
2024-07-10,2,7,0,0,1,0,General,26,28,1.0,high
2024-07-10,2,7,0,0,1,0,ICU,7,4,0.596,low
2024-07-10,2,7,0,0,1,0,Pediatrics,12,7,0.556,low
2024-07-10,2,7,0,0,1,0,Maternity,9,5,0.525,low
2024-07-10,2,7,0,0,1,0,Orthopedics,8,5,0.601,medium
2024-07-11,3,7,0,0,1,0,General,26,16,0.653,medium
2024-07-11,3,7,0,0,1,0,ICU,7,3,0.441,low
2024-07-11,3,7,0,0,1,0,Pediatrics,12,13,1.0,high
2024-07-11,3,7,0,0,1,0,Maternity,9,4,0.43,low
2024-07-11,3,7,0,0,1,0,Orthopedics,8,6,0.848,medium
2024-07-12,4,7,0,0,1,0,General,26,18,0.717,medium
2024-07-12,4,7,0,0,1,0,ICU,7,4,0.566,low
2024-07-12,4,7,0,0,1,0,Pediatrics,12,14,1.0,high
2024-07-12,4,7,0,0,1,0,Maternity,9,6,0.69,medium
2024-07-12,4,7,0,0,1,0,Orthopedics,8,6,0.755,medium
2024-07-13,5,7,1,0,1,0,General,26,18,0.673,medium
2024-07-13,5,7,1,0,1,0,ICU,7,5,0.697,medium
2024-07-13,5,7,1,0,1,0,Pediatrics,12,8,0.648,medium
2024-07-13,5,7,1,0,1,0,Maternity,9,5,0.554,low
2024-07-13,5,7,1,0,1,0,Orthopedics,8,4,0.497,low
2024-07-14,6,7,1,0,1,0,General,26,12,0.525,low
2024-07-14,6,7,1,0,1,0,ICU,7,4,0.539,low
2024-07-14,6,7,1,0,1,0,Pediatrics,12,7,0.652,medium
2024-07-14,6,7,1,0,1,0,Maternity,9,3,0.49,low
2024-07-14,6,7,1,0,1,0,Orthopedics,8,4,0.511,low
2024-07-15,0,7,0,0,1,1,General,26,25,0.976,high
2024-07-15,0,7,0,0,1,1,ICU,7,5,0.747,medium
2024-07-15,0,7,0,0,1,1,Pediatrics,12,12,1.0,high
2024-07-15,0,7,0,0,1,1,Maternity,9,4,0.437,low
2024-07-15,0,7,0,0,1,1,Orthopedics,8,3,0.432,low
2024-07-16,1,7,0,0,1,0,General,26,25,0.815,medium
2024-07-16,1,7,0,0,1,0,ICU,7,4,0.581,low
2024-07-16,1,7,0,0,1,0,Pediatrics,12,10,0.814,medium
2024-07-16,1,7,0,0,1,0,Maternity,9,7,0.825,medium
2024-07-16,1,7,0,0,1,0,Orthopedics,8,4,0.52,low
2024-07-17,2,7,0,0,1,0,General,26,19,0.662,medium
2024-07-17,2,7,0,0,1,0,ICU,7,4,0.615,medium
2024-07-17,2,7,0,0,1,0,Pediatrics,12,11,0.942,high
2024-07-17,2,7,0,0,1,0,Maternity,9,7,0.804,medium
2024-07-17,2,7,0,0,1,0,Orthopedics,8,5,0.647,medium
2024-07-18,3,7,0,0,1,0,General,26,25,0.999,high
2024-07-18,3,7,0,0,1,0,ICU,7,5,0.75,medium
2024-07-18,3,7,0,0,1,0,Pediatrics,12,11,0.97,high
2024-07-18,3,7,0,0,1,0,Maternity,9,6,0.623,medium
2024-07-18,3,7,0,0,1,0,Orthopedics,8,5,0.588,low
2024-07-19,4,7,0,0,1,0,General,26,20,0.762,medium
2024-07-19,4,7,0,0,1,0,ICU,7,4,0.556,low
2024-07-19,4,7,0,0,1,0,Pediatrics,12,7,0.594,low
2024-07-19,4,7,0,0,1,0,Maternity,9,6,0.626,medium
2024-07-19,4,7,0,0,1,0,Orthopedics,8,5,0.672,medium
2024-07-20,5,7,1,0,1,0,General,26,13,0.462,low
2024-07-20,5,7,1,0,1,0,ICU,7,4,0.524,low
2024-07-20,5,7,1,0,1,0,Pediatrics,12,8,0.657,medium
2024-07-20,5,7,1,0,1,0,Maternity,9,4,0.344,low
2024-07-20,5,7,1,0,1,0,Orthopedics,8,4,0.438,low
2024-07-21,6,7,1,0,1,0,General,26,17,0.668,medium
2024-07-21,6,7,1,0,1,0,ICU,7,6,0.792,medium
2024-07-21,6,7,1,0,1,0,Pediatrics,12,4,0.343,low
2024-07-21,6,7,1,0,1,0,Maternity,9,6,0.729,medium
2024-07-21,6,7,1,0,1,0,Orthopedics,8,4,0.475,low
2024-07-22,0,7,0,0,1,0,General,26,25,0.913,high
2024-07-22,0,7,0,0,1,0,ICU,7,4,0.597,low
2024-07-22,0,7,0,0,1,0,Pediatrics,12,12,1.0,high
2024-07-22,0,7,0,0,1,0,Maternity,9,6,0.641,medium
2024-07-22,0,7,0,0,1,0,Orthopedics,8,5,0.537,low
2024-07-23,1,7,0,0,1,0,General,26,20,0.749,medium
2024-07-23,1,7,0,0,1,0,ICU,7,4,0.579,low
2024-07-23,1,7,0,0,1,0,Pediatrics,12,9,0.806,medium
2024-07-23,1,7,0,0,1,0,Maternity,9,6,0.666,medium
2024-07-23,1,7,0,0,1,0,Orthopedics,8,5,0.633,medium
2024-07-24,2,7,0,0,1,0,General,26,25,0.918,high
2024-07-24,2,7,0,0,1,0,ICU,7,4,0.556,low
2024-07-24,2,7,0,0,1,0,Pediatrics,12,8,0.626,medium
2024-07-24,2,7,0,0,1,0,Maternity,9,6,0.71,medium
2024-07-24,2,7,0,0,1,0,Orthopedics,8,5,0.635,medium
2024-07-25,3,7,0,0,1,0,General,26,25,0.955,high
2024-07-25,3,7,0,0,1,0,ICU,7,4,0.566,low
2024-07-25,3,7,0,0,1,0,Pediatrics,12,10,0.804,medium
2024-07-25,3,7,0,0,1,0,Maternity,9,4,0.438,low
2024-07-25,3,7,0,0,1,0,Orthopedics,8,6,0.796,medium
2024-07-26,4,7,0,0,1,1,General,26,28,1.0,high
2024-07-26,4,7,0,0,1,1,ICU,7,4,0.581,low
2024-07-26,4,7,0,0,1,1,Pediatrics,12,10,0.818,medium
2024-07-26,4,7,0,0,1,1,Maternity,9,5,0.616,medium
2024-07-26,4,7,0,0,1,1,Orthopedics,8,3,0.352,low
2024-07-27,5,7,1,0,1,0,General,26,17,0.684,medium
2024-07-27,5,7,1,0,1,0,ICU,7,4,0.457,low
2024-07-27,5,7,1,0,1,0,Pediatrics,12,7,0.522,low
2024-07-27,5,7,1,0,1,0,Maternity,9,4,0.437,low
2024-07-27,5,7,1,0,1,0,Orthopedics,8,3,0.448,low
2024-07-28,6,7,1,0,1,0,General,26,18,0.707,medium
2024-07-28,6,7,1,0,1,0,ICU,7,5,0.657,medium
2024-07-28,6,7,1,0,1,0,Pediatrics,12,9,0.746,medium
2024-07-28,6,7,1,0,1,0,Maternity,9,5,0.502,low
2024-07-28,6,7,1,0,1,0,Orthopedics,8,3,0.416,low
2024-07-29,0,7,0,0,1,0,General,26,24,0.878,high
2024-07-29,0,7,0,0,1,0,ICU,7,3,0.485,low
2024-07-29,0,7,0,0,1,0,Pediatrics,12,8,0.749,medium
2024-07-29,0,7,0,0,1,0,Maternity,9,5,0.587,low
2024-07-29,0,7,0,0,1,0,Orthopedics,8,5,0.655,medium
2024-07-30,1,7,0,0,1,0,General,26,21,0.8,medium
2024-07-30,1,7,0,0,1,0,ICU,7,4,0.521,low
2024-07-30,1,7,0,0,1,0,Pediatrics,12,11,0.891,high
2024-07-30,1,7,0,0,1,0,Maternity,9,6,0.617,medium
2024-07-30,1,7,0,0,1,0,Orthopedics,8,3,0.365,low
2024-07-31,2,7,0,0,1,0,General,26,31,1.0,high
2024-07-31,2,7,0,0,1,0,ICU,7,4,0.558,low
2024-07-31,2,7,0,0,1,0,Pediatrics,12,10,0.861,high
2024-07-31,2,7,0,0,1,0,Maternity,9,5,0.611,medium
2024-07-31,2,7,0,0,1,0,Orthopedics,8,6,0.786,medium
2024-08-01,3,8,0,0,1,1,General,26,26,1.0,high
2024-08-01,3,8,0,0,1,1,ICU,7,5,0.744,medium
2024-08-01,3,8,0,0,1,1,Pediatrics,12,10,0.805,medium
2024-08-01,3,8,0,0,1,1,Maternity,9,4,0.522,low
2024-08-01,3,8,0,0,1,1,Orthopedics,8,3,0.302,low
2024-08-02,4,8,0,0,1,0,General,26,23,0.887,high
2024-08-02,4,8,0,0,1,0,ICU,7,4,0.584,low
2024-08-02,4,8,0,0,1,0,Pediatrics,12,10,0.908,high
2024-08-02,4,8,0,0,1,0,Maternity,9,5,0.514,low
2024-08-02,4,8,0,0,1,0,Orthopedics,8,5,0.543,low
2024-08-03,5,8,1,0,1,0,General,26,16,0.698,medium
2024-08-03,5,8,1,0,1,0,ICU,7,5,0.726,medium
2024-08-03,5,8,1,0,1,0,Pediatrics,12,6,0.469,low
2024-08-03,5,8,1,0,1,0,Maternity,9,4,0.429,low
2024-08-03,5,8,1,0,1,0,Orthopedics,8,4,0.528,low
2024-08-04,6,8,1,0,1,0,General,26,14,0.551,low
2024-08-04,6,8,1,0,1,0,ICU,7,5,0.771,medium
2024-08-04,6,8,1,0,1,0,Pediatrics,12,9,0.699,medium
2024-08-04,6,8,1,0,1,0,Maternity,9,4,0.382,low
2024-08-04,6,8,1,0,1,0,Orthopedics,8,4,0.523,low
2024-08-05,0,8,0,0,1,0,General,26,26,0.996,high
2024-08-05,0,8,0,0,1,0,ICU,7,4,0.579,low
2024-08-05,0,8,0,0,1,0,Pediatrics,12,9,0.854,high
2024-08-05,0,8,0,0,1,0,Maternity,9,5,0.565,low
2024-08-05,0,8,0,0,1,0,Orthopedics,8,7,0.875,high
2024-08-06,1,8,0,0,1,0,General,26,22,0.828,medium
2024-08-06,1,8,0,0,1,0,ICU,7,4,0.64,medium
2024-08-06,1,8,0,0,1,0,Pediatrics,12,7,0.66,medium
2024-08-06,1,8,0,0,1,0,Maternity,9,5,0.542,low
2024-08-06,1,8,0,0,1,0,Orthopedics,8,5,0.654,medium
2024-08-07,2,8,0,0,1,0,General,26,17,0.677,medium
2024-08-07,2,8,0,0,1,0,ICU,7,5,0.646,medium
2024-08-07,2,8,0,0,1,0,Pediatrics,12,10,0.8,medium
2024-08-07,2,8,0,0,1,0,Maternity,9,6,0.668,medium
2024-08-07,2,8,0,0,1,0,Orthopedics,8,5,0.649,medium
2024-08-08,3,8,0,0,1,0,General,26,29,1.0,high
2024-08-08,3,8,0,0,1,0,ICU,7,4,0.507,low
2024-08-08,3,8,0,0,1,0,Pediatrics,12,9,0.774,medium
2024-08-08,3,8,0,0,1,0,Maternity,9,7,0.796,medium
2024-08-08,3,8,0,0,1,0,Orthopedics,8,5,0.625,medium
2024-08-09,4,8,0,0,1,0,General,26,18,0.723,medium
2024-08-09,4,8,0,0,1,0,ICU,7,5,0.692,medium
2024-08-09,4,8,0,0,1,0,Pediatrics,12,9,0.763,medium
2024-08-09,4,8,0,0,1,0,Maternity,9,6,0.663,medium
2024-08-09,4,8,0,0,1,0,Orthopedics,8,7,0.863,high
2024-08-10,5,8,1,0,1,0,General,26,16,0.583,low
2024-08-10,5,8,1,0,1,0,ICU,7,5,0.705,medium
2024-08-10,5,8,1,0,1,0,Pediatrics,12,7,0.649,medium
2024-08-10,5,8,1,0,1,0,Maternity,9,5,0.526,low
2024-08-10,5,8,1,0,1,0,Orthopedics,8,3,0.425,low
2024-08-11,6,8,1,0,1,0,General,26,15,0.616,medium
2024-08-11,6,8,1,0,1,0,ICU,7,3,0.473,low
2024-08-11,6,8,1,0,1,0,Pediatrics,12,6,0.537,low
2024-08-11,6,8,1,0,1,0,Maternity,9,5,0.508,low
2024-08-11,6,8,1,0,1,0,Orthopedics,8,4,0.534,low
2024-08-12,0,8,0,0,1,0,General,26,23,0.914,high
2024-08-12,0,8,0,0,1,0,ICU,7,5,0.636,medium
2024-08-12,0,8,0,0,1,0,Pediatrics,12,12,1.0,high
2024-08-12,0,8,0,0,1,0,Maternity,9,5,0.489,low
2024-08-12,0,8,0,0,1,0,Orthopedics,8,5,0.671,medium
2024-08-13,1,8,0,0,1,0,General,26,22,0.922,high
2024-08-13,1,8,0,0,1,0,ICU,7,3,0.428,low
2024-08-13,1,8,0,0,1,0,Pediatrics,12,8,0.685,medium
2024-08-13,1,8,0,0,1,0,Maternity,9,7,0.757,medium
2024-08-13,1,8,0,0,1,0,Orthopedics,8,3,0.385,low
2024-08-14,2,8,0,0,1,0,General,26,24,0.943,high
2024-08-14,2,8,0,0,1,0,ICU,7,5,0.661,medium
2024-08-14,2,8,0,0,1,0,Pediatrics,12,11,0.976,high
2024-08-14,2,8,0,0,1,0,Maternity,9,4,0.46,low
2024-08-14,2,8,0,0,1,0,Orthopedics,8,5,0.621,medium
2024-08-15,3,8,0,0,1,1,General,26,26,0.976,high
2024-08-15,3,8,0,0,1,1,ICU,7,4,0.573,low
2024-08-15,3,8,0,0,1,1,Pediatrics,12,9,0.696,medium
2024-08-15,3,8,0,0,1,1,Maternity,9,5,0.498,low
2024-08-15,3,8,0,0,1,1,Orthopedics,8,4,0.523,low
2024-08-16,4,8,0,0,1,0,General,26,17,0.62,medium
2024-08-16,4,8,0,0,1,0,ICU,7,5,0.665,medium
2024-08-16,4,8,0,0,1,0,Pediatrics,12,9,0.773,medium
2024-08-16,4,8,0,0,1,0,Maternity,9,7,0.765,medium
2024-08-16,4,8,0,0,1,0,Orthopedics,8,5,0.696,medium
2024-08-17,5,8,1,0,1,0,General,26,21,0.857,high
2024-08-17,5,8,1,0,1,0,ICU,7,5,0.674,medium
2024-08-17,5,8,1,0,1,0,Pediatrics,12,7,0.609,medium
2024-08-17,5,8,1,0,1,0,Maternity,9,5,0.626,medium
2024-08-17,5,8,1,0,1,0,Orthopedics,8,4,0.425,low
2024-08-18,6,8,1,0,1,0,General,26,20,0.719,medium
2024-08-18,6,8,1,0,1,0,ICU,7,4,0.584,low
2024-08-18,6,8,1,0,1,0,Pediatrics,12,10,0.989,high
2024-08-18,6,8,1,0,1,0,Maternity,9,5,0.546,low
2024-08-18,6,8,1,0,1,0,Orthopedics,8,4,0.544,low
2024-08-19,0,8,0,0,1,0,General,26,21,0.897,high
2024-08-19,0,8,0,0,1,0,ICU,7,4,0.596,low
2024-08-19,0,8,0,0,1,0,Pediatrics,12,11,0.938,high
2024-08-19,0,8,0,0,1,0,Maternity,9,7,0.747,medium
2024-08-19,0,8,0,0,1,0,Orthopedics,8,5,0.57,low
2024-08-20,1,8,0,0,1,0,General,26,24,0.962,high
2024-08-20,1,8,0,0,1,0,ICU,7,4,0.655,medium
2024-08-20,1,8,0,0,1,0,Pediatrics,12,10,0.867,high
2024-08-20,1,8,0,0,1,0,Maternity,9,5,0.536,low
2024-08-20,1,8,0,0,1,0,Orthopedics,8,6,0.792,medium
2024-08-21,2,8,0,0,1,0,General,26,22,0.843,medium
2024-08-21,2,8,0,0,1,0,ICU,7,3,0.411,low
2024-08-21,2,8,0,0,1,0,Pediatrics,12,11,0.945,high
2024-08-21,2,8,0,0,1,0,Maternity,9,6,0.669,medium
2024-08-21,2,8,0,0,1,0,Orthopedics,8,5,0.592,low
2024-08-22,3,8,0,0,1,0,General,26,25,0.983,high
2024-08-22,3,8,0,0,1,0,ICU,7,4,0.545,low
2024-08-22,3,8,0,0,1,0,Pediatrics,12,7,0.638,medium
2024-08-22,3,8,0,0,1,0,Maternity,9,6,0.624,medium
2024-08-22,3,8,0,0,1,0,Orthopedics,8,6,0.73,medium
2024-08-23,4,8,0,0,1,0,General,26,26,1.0,high
2024-08-23,4,8,0,0,1,0,ICU,7,4,0.503,low
2024-08-23,4,8,0,0,1,0,Pediatrics,12,12,1.0,high
2024-08-23,4,8,0,0,1,0,Maternity,9,6,0.674,medium
2024-08-23,4,8,0,0,1,0,Orthopedics,8,4,0.52,low
2024-08-24,5,8,1,0,1,0,General,26,14,0.471,low
2024-08-24,5,8,1,0,1,0,ICU,7,4,0.627,medium
2024-08-24,5,8,1,0,1,0,Pediatrics,12,7,0.66,medium
2024-08-24,5,8,1,0,1,0,Maternity,9,4,0.359,low
2024-08-24,5,8,1,0,1,0,Orthopedics,8,3,0.437,low
2024-08-25,6,8,1,0,1,0,General,26,16,0.588,low
2024-08-25,6,8,1,0,1,0,ICU,7,5,0.739,medium
2024-08-25,6,8,1,0,1,0,Pediatrics,12,9,0.822,medium
2024-08-25,6,8,1,0,1,0,Maternity,9,4,0.378,low
2024-08-25,6,8,1,0,1,0,Orthopedics,8,4,0.513,low
2024-08-26,0,8,0,0,1,1,General,26,21,0.76,medium
2024-08-26,0,8,0,0,1,1,ICU,7,5,0.712,medium
2024-08-26,0,8,0,0,1,1,Pediatrics,12,11,0.879,high
2024-08-26,0,8,0,0,1,1,Maternity,9,4,0.398,low
2024-08-26,0,8,0,0,1,1,Orthopedics,8,4,0.552,low
2024-08-27,1,8,0,0,1,0,General,26,16,0.569,low
2024-08-27,1,8,0,0,1,0,ICU,7,3,0.396,low
2024-08-27,1,8,0,0,1,0,Pediatrics,12,10,0.761,medium
2024-08-27,1,8,0,0,1,0,Maternity,9,5,0.505,low
2024-08-27,1,8,0,0,1,0,Orthopedics,8,5,0.628,medium
2024-08-28,2,8,0,0,1,0,General,26,20,0.778,medium
2024-08-28,2,8,0,0,1,0,ICU,7,4,0.558,low
2024-08-28,2,8,0,0,1,0,Pediatrics,12,13,1.0,high
2024-08-28,2,8,0,0,1,0,Maternity,9,5,0.597,low
2024-08-28,2,8,0,0,1,0,Orthopedics,8,6,0.693,medium
2024-08-29,3,8,0,0,1,0,General,26,25,1.0,high
2024-08-29,3,8,0,0,1,0,ICU,7,3,0.383,low
2024-08-29,3,8,0,0,1,0,Pediatrics,12,12,1.0,high
2024-08-29,3,8,0,0,1,0,Maternity,9,6,0.684,medium
2024-08-29,3,8,0,0,1,0,Orthopedics,8,5,0.559,low
2024-08-30,4,8,0,0,1,0,General,26,26,1.0,high
2024-08-30,4,8,0,0,1,0,ICU,7,4,0.569,low
2024-08-30,4,8,0,0,1,0,Pediatrics,12,8,0.692,medium
2024-08-30,4,8,0,0,1,0,Maternity,9,7,0.775,medium
2024-08-30,4,8,0,0,1,0,Orthopedics,8,6,0.733,medium
2024-08-31,5,8,1,0,1,0,General,26,18,0.641,medium
2024-08-31,5,8,1,0,1,0,ICU,7,5,0.706,medium
2024-08-31,5,8,1,0,1,0,Pediatrics,12,8,0.648,medium
2024-08-31,5,8,1,0,1,0,Maternity,9,4,0.486,low
2024-08-31,5,8,1,0,1,0,Orthopedics,8,4,0.42,low
2024-09-01,6,9,1,0,1,1,General,26,23,0.954,high
2024-09-01,6,9,1,0,1,1,ICU,7,4,0.606,medium
2024-09-01,6,9,1,0,1,1,Pediatrics,12,8,0.68,medium
2024-09-01,6,9,1,0,1,1,Maternity,9,3,0.322,low
2024-09-01,6,9,1,0,1,1,Orthopedics,8,2,0.215,low
2024-09-02,0,9,0,0,1,0,General,26,19,0.689,medium
2024-09-02,0,9,0,0,1,0,ICU,7,4,0.536,low
2024-09-02,0,9,0,0,1,0,Pediatrics,12,11,0.991,high
2024-09-02,0,9,0,0,1,0,Maternity,9,5,0.568,low
2024-09-02,0,9,0,0,1,0,Orthopedics,8,5,0.649,medium
2024-09-03,1,9,0,0,1,0,General,26,23,0.922,high
2024-09-03,1,9,0,0,1,0,ICU,7,4,0.51,low
2024-09-03,1,9,0,0,1,0,Pediatrics,12,11,0.961,high
2024-09-03,1,9,0,0,1,0,Maternity,9,5,0.557,low
2024-09-03,1,9,0,0,1,0,Orthopedics,8,6,0.74,medium
2024-09-04,2,9,0,0,1,0,General,26,26,1.0,high
2024-09-04,2,9,0,0,1,0,ICU,7,4,0.502,low
2024-09-04,2,9,0,0,1,0,Pediatrics,12,10,0.869,high
2024-09-04,2,9,0,0,1,0,Maternity,9,6,0.739,medium
2024-09-04,2,9,0,0,1,0,Orthopedics,8,4,0.535,low
2024-09-05,3,9,0,0,1,0,General,26,20,0.855,high
2024-09-05,3,9,0,0,1,0,ICU,7,5,0.676,medium
2024-09-05,3,9,0,0,1,0,Pediatrics,12,9,0.793,medium
2024-09-05,3,9,0,0,1,0,Maternity,9,6,0.664,medium
2024-09-05,3,9,0,0,1,0,Orthopedics,8,5,0.529,low
2024-09-06,4,9,0,0,1,0,General,26,22,0.812,medium
2024-09-06,4,9,0,0,1,0,ICU,7,4,0.644,medium
2024-09-06,4,9,0,0,1,0,Pediatrics,12,8,0.707,medium
2024-09-06,4,9,0,0,1,0,Maternity,9,6,0.653,medium
2024-09-06,4,9,0,0,1,0,Orthopedics,8,6,0.767,medium
2024-09-07,5,9,1,0,1,0,General,26,18,0.741,medium
2024-09-07,5,9,1,0,1,0,ICU,7,4,0.541,low
2024-09-07,5,9,1,0,1,0,Pediatrics,12,6,0.459,low
2024-09-07,5,9,1,0,1,0,Maternity,9,6,0.729,medium
2024-09-07,5,9,1,0,1,0,Orthopedics,8,3,0.309,low
2024-09-08,6,9,1,0,1,0,General,26,18,0.72,medium
2024-09-08,6,9,1,0,1,0,ICU,7,5,0.702,medium
2024-09-08,6,9,1,0,1,0,Pediatrics,12,7,0.6,medium
2024-09-08,6,9,1,0,1,0,Maternity,9,5,0.445,low
2024-09-08,6,9,1,0,1,0,Orthopedics,8,4,0.457,low
2024-09-09,0,9,0,0,1,0,General,26,23,1.0,high
2024-09-09,0,9,0,0,1,0,ICU,7,4,0.556,low
2024-09-09,0,9,0,0,1,0,Pediatrics,12,11,0.941,high
2024-09-09,0,9,0,0,1,0,Maternity,9,6,0.697,medium
2024-09-09,0,9,0,0,1,0,Orthopedics,8,7,0.818,medium
2024-09-10,1,9,0,0,1,0,General,26,24,0.877,high
2024-09-10,1,9,0,0,1,0,ICU,7,4,0.525,low
2024-09-10,1,9,0,0,1,0,Pediatrics,12,9,0.735,medium
2024-09-10,1,9,0,0,1,0,Maternity,9,7,0.824,medium
2024-09-10,1,9,0,0,1,0,Orthopedics,8,4,0.503,low
2024-09-11,2,9,0,0,1,0,General,26,20,0.706,medium
2024-09-11,2,9,0,0,1,0,ICU,7,4,0.556,low
2024-09-11,2,9,0,0,1,0,Pediatrics,12,14,1.0,high
2024-09-11,2,9,0,0,1,0,Maternity,9,5,0.527,low
2024-09-11,2,9,0,0,1,0,Orthopedics,8,6,0.854,high
2024-09-12,3,9,0,0,1,0,General,26,17,0.56,low
2024-09-12,3,9,0,0,1,0,ICU,7,5,0.734,medium
2024-09-12,3,9,0,0,1,0,Pediatrics,12,9,0.777,medium
2024-09-12,3,9,0,0,1,0,Maternity,9,4,0.445,low
2024-09-12,3,9,0,0,1,0,Orthopedics,8,5,0.671,medium
2024-09-13,4,9,0,0,1,0,General,26,19,0.735,medium
2024-09-13,4,9,0,0,1,0,ICU,7,3,0.441,low
2024-09-13,4,9,0,0,1,0,Pediatrics,12,9,0.73,medium
2024-09-13,4,9,0,0,1,0,Maternity,9,5,0.588,low
2024-09-13,4,9,0,0,1,0,Orthopedics,8,6,0.738,medium
2024-09-14,5,9,1,0,1,0,General,26,17,0.581,low
2024-09-14,5,9,1,0,1,0,ICU,7,4,0.569,low
2024-09-14,5,9,1,0,1,0,Pediatrics,12,10,0.778,medium
2024-09-14,5,9,1,0,1,0,Maternity,9,5,0.605,medium
2024-09-14,5,9,1,0,1,0,Orthopedics,8,4,0.588,low
2024-09-15,6,9,1,0,1,1,General,26,20,0.789,medium
2024-09-15,6,9,1,0,1,1,ICU,7,5,0.775,medium
2024-09-15,6,9,1,0,1,1,Pediatrics,12,10,0.802,medium
2024-09-15,6,9,1,0,1,1,Maternity,9,3,0.323,low
2024-09-15,6,9,1,0,1,1,Orthopedics,8,2,0.247,low
2024-09-16,0,9,0,0,1,0,General,26,27,1.0,high
2024-09-16,0,9,0,0,1,0,ICU,7,4,0.574,low
2024-09-16,0,9,0,0,1,0,Pediatrics,12,11,0.804,medium
2024-09-16,0,9,0,0,1,0,Maternity,9,5,0.566,low
2024-09-16,0,9,0,0,1,0,Orthopedics,8,6,0.725,medium
2024-09-17,1,9,0,0,1,0,General,26,16,0.646,medium
2024-09-17,1,9,0,0,1,0,ICU,7,4,0.512,low
2024-09-17,1,9,0,0,1,0,Pediatrics,12,9,0.741,medium
2024-09-17,1,9,0,0,1,0,Maternity,9,5,0.445,low
2024-09-17,1,9,0,0,1,0,Orthopedics,8,6,0.814,medium
2024-09-18,2,9,0,0,1,0,General,26,25,0.905,high
2024-09-18,2,9,0,0,1,0,ICU,7,4,0.571,low
2024-09-18,2,9,0,0,1,0,Pediatrics,12,11,0.95,high
2024-09-18,2,9,0,0,1,0,Maternity,9,5,0.56,low
2024-09-18,2,9,0,0,1,0,Orthopedics,8,5,0.698,medium
2024-09-19,3,9,0,0,1,0,General,26,25,1.0,high
2024-09-19,3,9,0,0,1,0,ICU,7,4,0.642,medium
2024-09-19,3,9,0,0,1,0,Pediatrics,12,11,0.874,high
2024-09-19,3,9,0,0,1,0,Maternity,9,7,0.813,medium
2024-09-19,3,9,0,0,1,0,Orthopedics,8,5,0.601,medium
2024-09-20,4,9,0,0,1,0,General,26,24,0.946,high
2024-09-20,4,9,0,0,1,0,ICU,7,4,0.587,low
2024-09-20,4,9,0,0,1,0,Pediatrics,12,13,1.0,high
2024-09-20,4,9,0,0,1,0,Maternity,9,6,0.714,medium
2024-09-20,4,9,0,0,1,0,Orthopedics,8,4,0.52,low
2024-09-21,5,9,1,0,1,0,General,26,21,0.797,medium
2024-09-21,5,9,1,0,1,0,ICU,7,4,0.539,low
2024-09-21,5,9,1,0,1,0,Pediatrics,12,6,0.461,low
2024-09-21,5,9,1,0,1,0,Maternity,9,4,0.374,low
2024-09-21,5,9,1,0,1,0,Orthopedics,8,4,0.545,low
2024-09-22,6,9,1,0,1,0,General,26,15,0.653,medium
2024-09-22,6,9,1,0,1,0,ICU,7,5,0.766,medium
2024-09-22,6,9,1,0,1,0,Pediatrics,12,7,0.626,medium
2024-09-22,6,9,1,0,1,0,Maternity,9,4,0.489,low
2024-09-22,6,9,1,0,1,0,Orthopedics,8,4,0.528,low
2024-09-23,0,9,0,0,1,0,General,26,19,0.686,medium
2024-09-23,0,9,0,0,1,0,ICU,7,4,0.524,low
2024-09-23,0,9,0,0,1,0,Pediatrics,12,11,0.848,medium
2024-09-23,0,9,0,0,1,0,Maternity,9,7,0.716,medium
2024-09-23,0,9,0,0,1,0,Orthopedics,8,5,0.656,medium
2024-09-24,1,9,0,0,1,0,General,26,20,0.798,medium
2024-09-24,1,9,0,0,1,0,ICU,7,4,0.544,low
2024-09-24,1,9,0,0,1,0,Pediatrics,12,8,0.569,low
2024-09-24,1,9,0,0,1,0,Maternity,9,6,0.588,low
2024-09-24,1,9,0,0,1,0,Orthopedics,8,5,0.612,medium
2024-09-25,2,9,0,0,1,0,General,26,25,0.946,high
2024-09-25,2,9,0,0,1,0,ICU,7,4,0.608,medium
2024-09-25,2,9,0,0,1,0,Pediatrics,12,11,0.932,high
2024-09-25,2,9,0,0,1,0,Maternity,9,6,0.59,low
2024-09-25,2,9,0,0,1,0,Orthopedics,8,6,0.781,medium
2024-09-26,3,9,0,0,1,1,General,26,21,0.795,medium
2024-09-26,3,9,0,0,1,1,ICU,7,4,0.565,low
2024-09-26,3,9,0,0,1,1,Pediatrics,12,12,1.0,high
2024-09-26,3,9,0,0,1,1,Maternity,9,5,0.49,low
2024-09-26,3,9,0,0,1,1,Orthopedics,8,4,0.566,low
2024-09-27,4,9,0,0,1,0,General,26,24,0.978,high
2024-09-27,4,9,0,0,1,0,ICU,7,5,0.765,medium
2024-09-27,4,9,0,0,1,0,Pediatrics,12,10,0.886,high
2024-09-27,4,9,0,0,1,0,Maternity,9,6,0.668,medium
2024-09-27,4,9,0,0,1,0,Orthopedics,8,5,0.703,medium
2024-09-28,5,9,1,0,1,0,General,26,15,0.654,medium
2024-09-28,5,9,1,0,1,0,ICU,7,5,0.644,medium
2024-09-28,5,9,1,0,1,0,Pediatrics,12,8,0.562,low
2024-09-28,5,9,1,0,1,0,Maternity,9,5,0.6,medium
2024-09-28,5,9,1,0,1,0,Orthopedics,8,3,0.381,low
2024-09-29,6,9,1,0,1,0,General,26,22,0.821,medium
2024-09-29,6,9,1,0,1,0,ICU,7,4,0.646,medium
2024-09-29,6,9,1,0,1,0,Pediatrics,12,10,0.834,medium
2024-09-29,6,9,1,0,1,0,Maternity,9,5,0.623,medium
2024-09-29,6,9,1,0,1,0,Orthopedics,8,3,0.351,low
2024-09-30,0,9,0,0,1,0,General,26,27,1.0,high
2024-09-30,0,9,0,0,1,0,ICU,7,4,0.527,low
2024-09-30,0,9,0,0,1,0,Pediatrics,12,13,1.0,high
2024-09-30,0,9,0,0,1,0,Maternity,9,6,0.684,medium
2024-09-30,0,9,0,0,1,0,Orthopedics,8,6,0.793,medium
2024-10-01,1,10,0,0,0,1,General,26,21,0.831,medium
2024-10-01,1,10,0,0,0,1,ICU,7,4,0.599,low
2024-10-01,1,10,0,0,0,1,Pediatrics,12,5,0.402,low
2024-10-01,1,10,0,0,0,1,Maternity,9,4,0.387,low
2024-10-01,1,10,0,0,0,1,Orthopedics,8,4,0.49,low
2024-10-02,2,10,0,0,0,0,General,26,23,0.963,high
2024-10-02,2,10,0,0,0,0,ICU,7,4,0.564,low
2024-10-02,2,10,0,0,0,0,Pediatrics,12,8,0.644,medium
2024-10-02,2,10,0,0,0,0,Maternity,9,6,0.629,medium
2024-10-02,2,10,0,0,0,0,Orthopedics,8,4,0.531,low
2024-10-03,3,10,0,0,0,0,General,26,20,0.729,medium
2024-10-03,3,10,0,0,0,0,ICU,7,5,0.683,medium
2024-10-03,3,10,0,0,0,0,Pediatrics,12,8,0.708,medium
2024-10-03,3,10,0,0,0,0,Maternity,9,6,0.689,medium
2024-10-03,3,10,0,0,0,0,Orthopedics,8,5,0.615,medium
2024-10-04,4,10,0,0,0,0,General,26,17,0.617,medium
2024-10-04,4,10,0,0,0,0,ICU,7,4,0.494,low
2024-10-04,4,10,0,0,0,0,Pediatrics,12,7,0.569,low
2024-10-04,4,10,0,0,0,0,Maternity,9,6,0.655,medium
2024-10-04,4,10,0,0,0,0,Orthopedics,8,5,0.649,medium
2024-10-05,5,10,1,0,0,0,General,26,15,0.544,low
2024-10-05,5,10,1,0,0,0,ICU,7,4,0.519,low
2024-10-05,5,10,1,0,0,0,Pediatrics,12,6,0.482,low
2024-10-05,5,10,1,0,0,0,Maternity,9,4,0.38,low
2024-10-05,5,10,1,0,0,0,Orthopedics,8,3,0.384,low
2024-10-06,6,10,1,0,0,0,General,26,15,0.549,low
2024-10-06,6,10,1,0,0,0,ICU,7,4,0.525,low
2024-10-06,6,10,1,0,0,0,Pediatrics,12,6,0.458,low
2024-10-06,6,10,1,0,0,0,Maternity,9,5,0.466,low
2024-10-06,6,10,1,0,0,0,Orthopedics,8,4,0.515,low
2024-10-07,0,10,0,0,0,0,General,26,18,0.827,medium
2024-10-07,0,10,0,0,0,0,ICU,7,4,0.521,low
2024-10-07,0,10,0,0,0,0,Pediatrics,12,8,0.578,low
2024-10-07,0,10,0,0,0,0,Maternity,9,6,0.625,medium
2024-10-07,0,10,0,0,0,0,Orthopedics,8,6,0.723,medium
2024-10-08,1,10,0,0,0,0,General,26,18,0.661,medium
2024-10-08,1,10,0,0,0,0,ICU,7,5,0.698,medium
2024-10-08,1,10,0,0,0,0,Pediatrics,12,10,0.874,high
2024-10-08,1,10,0,0,0,0,Maternity,9,6,0.685,medium
2024-10-08,1,10,0,0,0,0,Orthopedics,8,5,0.529,low
2024-10-09,2,10,0,0,0,0,General,26,17,0.696,medium
2024-10-09,2,10,0,0,0,0,ICU,7,4,0.501,low
2024-10-09,2,10,0,0,0,0,Pediatrics,12,8,0.752,medium
2024-10-09,2,10,0,0,0,0,Maternity,9,7,0.775,medium
2024-10-09,2,10,0,0,0,0,Orthopedics,8,6,0.732,medium
2024-10-10,3,10,0,0,0,0,General,26,13,0.454,low
2024-10-10,3,10,0,0,0,0,ICU,7,5,0.701,medium
2024-10-10,3,10,0,0,0,0,Pediatrics,12,8,0.652,medium
2024-10-10,3,10,0,0,0,0,Maternity,9,8,0.97,high
2024-10-10,3,10,0,0,0,0,Orthopedics,8,7,0.867,high
2024-10-11,4,10,0,0,0,0,General,26,19,0.655,medium
2024-10-11,4,10,0,0,0,0,ICU,7,5,0.656,medium
2024-10-11,4,10,0,0,0,0,Pediatrics,12,8,0.612,medium
2024-10-11,4,10,0,0,0,0,Maternity,9,5,0.514,low
2024-10-11,4,10,0,0,0,0,Orthopedics,8,5,0.598,low
2024-10-12,5,10,1,0,0,0,General,26,12,0.503,low
2024-10-12,5,10,1,0,0,0,ICU,7,4,0.582,low
2024-10-12,5,10,1,0,0,0,Pediatrics,12,7,0.558,low
2024-10-12,5,10,1,0,0,0,Maternity,9,4,0.433,low
2024-10-12,5,10,1,0,0,0,Orthopedics,8,4,0.51,low
2024-10-13,6,10,1,0,0,0,General,26,12,0.486,low
2024-10-13,6,10,1,0,0,0,ICU,7,4,0.605,medium
2024-10-13,6,10,1,0,0,0,Pediatrics,12,6,0.485,low
2024-10-13,6,10,1,0,0,0,Maternity,9,4,0.4,low
2024-10-13,6,10,1,0,0,0,Orthopedics,8,4,0.561,low
2024-10-14,0,10,0,0,0,0,General,26,16,0.638,medium
2024-10-14,0,10,0,0,0,0,ICU,7,3,0.399,low
2024-10-14,0,10,0,0,0,0,Pediatrics,12,8,0.621,medium
2024-10-14,0,10,0,0,0,0,Maternity,9,5,0.522,low
2024-10-14,0,10,0,0,0,0,Orthopedics,8,5,0.616,medium
2024-10-15,1,10,0,0,0,1,General,26,13,0.394,low
2024-10-15,1,10,0,0,0,1,ICU,7,4,0.594,low
2024-10-15,1,10,0,0,0,1,Pediatrics,12,5,0.392,low
2024-10-15,1,10,0,0,0,1,Maternity,9,4,0.514,low
2024-10-15,1,10,0,0,0,1,Orthopedics,8,3,0.394,low
2024-10-16,2,10,0,0,0,0,General,26,18,0.586,low
2024-10-16,2,10,0,0,0,0,ICU,7,4,0.582,low
2024-10-16,2,10,0,0,0,0,Pediatrics,12,9,0.946,high
2024-10-16,2,10,0,0,0,0,Maternity,9,4,0.531,low
2024-10-16,2,10,0,0,0,0,Orthopedics,8,5,0.639,medium
2024-10-17,3,10,0,0,0,0,General,26,18,0.671,medium
2024-10-17,3,10,0,0,0,0,ICU,7,4,0.588,low
2024-10-17,3,10,0,0,0,0,Pediatrics,12,6,0.538,low
2024-10-17,3,10,0,0,0,0,Maternity,9,6,0.61,medium
2024-10-17,3,10,0,0,0,0,Orthopedics,8,5,0.688,medium
2024-10-18,4,10,0,0,0,0,General,26,17,0.672,medium
2024-10-18,4,10,0,0,0,0,ICU,7,4,0.609,medium
2024-10-18,4,10,0,0,0,0,Pediatrics,12,9,0.842,medium
2024-10-18,4,10,0,0,0,0,Maternity,9,6,0.7,medium
2024-10-18,4,10,0,0,0,0,Orthopedics,8,5,0.69,medium
2024-10-19,5,10,1,0,0,0,General,26,12,0.499,low
2024-10-19,5,10,1,0,0,0,ICU,7,4,0.568,low
2024-10-19,5,10,1,0,0,0,Pediatrics,12,6,0.513,low
2024-10-19,5,10,1,0,0,0,Maternity,9,4,0.455,low
2024-10-19,5,10,1,0,0,0,Orthopedics,8,5,0.674,medium
2024-10-20,6,10,1,0,0,0,General,26,15,0.554,low
2024-10-20,6,10,1,0,0,0,ICU,7,4,0.619,medium
2024-10-20,6,10,1,0,0,0,Pediatrics,12,7,0.657,medium
2024-10-20,6,10,1,0,0,0,Maternity,9,4,0.433,low
2024-10-20,6,10,1,0,0,0,Orthopedics,8,3,0.355,low
2024-10-21,0,10,0,0,0,0,General,26,21,0.784,medium
2024-10-21,0,10,0,0,0,0,ICU,7,4,0.562,low
2024-10-21,0,10,0,0,0,0,Pediatrics,12,8,0.609,medium
2024-10-21,0,10,0,0,0,0,Maternity,9,6,0.517,low
2024-10-21,0,10,0,0,0,0,Orthopedics,8,5,0.543,low
2024-10-22,1,10,0,0,0,0,General,26,21,0.847,medium
2024-10-22,1,10,0,0,0,0,ICU,7,4,0.647,medium
2024-10-22,1,10,0,0,0,0,Pediatrics,12,7,0.671,medium
2024-10-22,1,10,0,0,0,0,Maternity,9,7,0.766,medium
2024-10-22,1,10,0,0,0,0,Orthopedics,8,6,0.695,medium
2024-10-23,2,10,0,0,0,0,General,26,16,0.585,low
2024-10-23,2,10,0,0,0,0,ICU,7,4,0.519,low
2024-10-23,2,10,0,0,0,0,Pediatrics,12,9,0.737,medium
2024-10-23,2,10,0,0,0,0,Maternity,9,6,0.638,medium
2024-10-23,2,10,0,0,0,0,Orthopedics,8,4,0.514,low
2024-10-24,3,10,0,0,0,0,General,26,13,0.497,low
2024-10-24,3,10,0,0,0,0,ICU,7,3,0.528,low
2024-10-24,3,10,0,0,0,0,Pediatrics,12,9,0.755,medium
2024-10-24,3,10,0,0,0,0,Maternity,9,7,0.735,medium
2024-10-24,3,10,0,0,0,0,Orthopedics,8,5,0.635,medium
2024-10-25,4,10,0,0,0,0,General,26,19,0.794,medium
2024-10-25,4,10,0,0,0,0,ICU,7,4,0.586,low
2024-10-25,4,10,0,0,0,0,Pediatrics,12,6,0.452,low
2024-10-25,4,10,0,0,0,0,Maternity,9,6,0.671,medium
2024-10-25,4,10,0,0,0,0,Orthopedics,8,4,0.621,medium
2024-10-26,5,10,1,0,0,1,General,26,18,0.722,medium
2024-10-26,5,10,1,0,0,1,ICU,7,5,0.704,medium
2024-10-26,5,10,1,0,0,1,Pediatrics,12,6,0.504,low
2024-10-26,5,10,1,0,0,1,Maternity,9,3,0.271,low
2024-10-26,5,10,1,0,0,1,Orthopedics,8,3,0.367,low
2024-10-27,6,10,1,0,0,0,General,26,10,0.342,low
2024-10-27,6,10,1,0,0,0,ICU,7,4,0.666,medium
2024-10-27,6,10,1,0,0,0,Pediatrics,12,7,0.517,low
2024-10-27,6,10,1,0,0,0,Maternity,9,5,0.478,low
2024-10-27,6,10,1,0,0,0,Orthopedics,8,4,0.476,low
2024-10-28,0,10,0,0,0,0,General,26,18,0.759,medium
2024-10-28,0,10,0,0,0,0,ICU,7,3,0.359,low
2024-10-28,0,10,0,0,0,0,Pediatrics,12,7,0.635,medium
2024-10-28,0,10,0,0,0,0,Maternity,9,5,0.414,low
2024-10-28,0,10,0,0,0,0,Orthopedics,8,5,0.653,medium
2024-10-29,1,10,0,0,0,0,General,26,21,0.785,medium
2024-10-29,1,10,0,0,0,0,ICU,7,4,0.629,medium
2024-10-29,1,10,0,0,0,0,Pediatrics,12,6,0.481,low
2024-10-29,1,10,0,0,0,0,Maternity,9,6,0.689,medium
2024-10-29,1,10,0,0,0,0,Orthopedics,8,5,0.627,medium
2024-10-30,2,10,0,0,0,0,General,26,11,0.39,low
2024-10-30,2,10,0,0,0,0,ICU,7,4,0.522,low
2024-10-30,2,10,0,0,0,0,Pediatrics,12,8,0.689,medium
2024-10-30,2,10,0,0,0,0,Maternity,9,6,0.675,medium
2024-10-30,2,10,0,0,0,0,Orthopedics,8,4,0.49,low
2024-10-31,3,10,0,0,0,0,General,26,20,0.777,medium
2024-10-31,3,10,0,0,0,0,ICU,7,4,0.583,low
2024-10-31,3,10,0,0,0,0,Pediatrics,12,9,0.648,medium
2024-10-31,3,10,0,0,0,0,Maternity,9,7,0.761,medium
2024-10-31,3,10,0,0,0,0,Orthopedics,8,5,0.685,medium
2024-11-01,4,11,0,0,0,1,General,26,16,0.58,low
2024-11-01,4,11,0,0,0,1,ICU,7,4,0.532,low
2024-11-01,4,11,0,0,0,1,Pediatrics,12,11,0.874,high
2024-11-01,4,11,0,0,0,1,Maternity,9,4,0.455,low
2024-11-01,4,11,0,0,0,1,Orthopedics,8,3,0.355,low
2024-11-02,5,11,1,0,0,0,General,26,14,0.522,low
2024-11-02,5,11,1,0,0,0,ICU,7,5,0.688,medium
2024-11-02,5,11,1,0,0,0,Pediatrics,12,5,0.433,low
2024-11-02,5,11,1,0,0,0,Maternity,9,6,0.668,medium
2024-11-02,5,11,1,0,0,0,Orthopedics,8,4,0.535,low
2024-11-03,6,11,1,0,0,0,General,26,11,0.508,low
2024-11-03,6,11,1,0,0,0,ICU,7,5,0.796,medium
2024-11-03,6,11,1,0,0,0,Pediatrics,12,5,0.508,low
2024-11-03,6,11,1,0,0,0,Maternity,9,5,0.583,low
2024-11-03,6,11,1,0,0,0,Orthopedics,8,4,0.488,low
2024-11-04,0,11,0,0,0,0,General,26,21,0.815,medium
2024-11-04,0,11,0,0,0,0,ICU,7,3,0.373,low
2024-11-04,0,11,0,0,0,0,Pediatrics,12,8,0.682,medium
2024-11-04,0,11,0,0,0,0,Maternity,9,6,0.728,medium
2024-11-04,0,11,0,0,0,0,Orthopedics,8,4,0.507,low
2024-11-05,1,11,0,0,0,0,General,26,13,0.538,low
2024-11-05,1,11,0,0,0,0,ICU,7,4,0.592,low
2024-11-05,1,11,0,0,0,0,Pediatrics,12,7,0.647,medium
2024-11-05,1,11,0,0,0,0,Maternity,9,7,0.807,medium
2024-11-05,1,11,0,0,0,0,Orthopedics,8,5,0.654,medium
2024-11-06,2,11,0,0,0,0,General,26,16,0.658,medium
2024-11-06,2,11,0,0,0,0,ICU,7,5,0.768,medium
2024-11-06,2,11,0,0,0,0,Pediatrics,12,7,0.601,medium
2024-11-06,2,11,0,0,0,0,Maternity,9,5,0.584,low
2024-11-06,2,11,0,0,0,0,Orthopedics,8,5,0.532,low
2024-11-07,3,11,0,0,0,0,General,26,15,0.563,low
2024-11-07,3,11,0,0,0,0,ICU,7,4,0.511,low
2024-11-07,3,11,0,0,0,0,Pediatrics,12,8,0.679,medium
2024-11-07,3,11,0,0,0,0,Maternity,9,6,0.629,medium
2024-11-07,3,11,0,0,0,0,Orthopedics,8,6,0.833,medium
2024-11-08,4,11,0,0,0,0,General,26,17,0.623,medium
2024-11-08,4,11,0,0,0,0,ICU,7,4,0.554,low
2024-11-08,4,11,0,0,0,0,Pediatrics,12,8,0.704,medium
2024-11-08,4,11,0,0,0,0,Maternity,9,4,0.51,low
2024-11-08,4,11,0,0,0,0,Orthopedics,8,5,0.604,medium
2024-11-09,5,11,1,0,0,0,General,26,13,0.498,low
2024-11-09,5,11,1,0,0,0,ICU,7,3,0.503,low
2024-11-09,5,11,1,0,0,0,Pediatrics,12,6,0.522,low
2024-11-09,5,11,1,0,0,0,Maternity,9,5,0.504,low
2024-11-09,5,11,1,0,0,0,Orthopedics,8,4,0.487,low
2024-11-10,6,11,1,0,0,0,General,26,15,0.471,low
2024-11-10,6,11,1,0,0,0,ICU,7,5,0.684,medium
2024-11-10,6,11,1,0,0,0,Pediatrics,12,6,0.524,low
2024-11-10,6,11,1,0,0,0,Maternity,9,4,0.409,low
2024-11-10,6,11,1,0,0,0,Orthopedics,8,4,0.455,low
2024-11-11,0,11,0,0,0,0,General,26,20,0.751,medium
2024-11-11,0,11,0,0,0,0,ICU,7,2,0.267,low
2024-11-11,0,11,0,0,0,0,Pediatrics,12,7,0.502,low
2024-11-11,0,11,0,0,0,0,Maternity,9,5,0.561,low
2024-11-11,0,11,0,0,0,0,Orthopedics,8,6,0.766,medium
2024-11-12,1,11,0,0,0,0,General,26,16,0.638,medium
2024-11-12,1,11,0,0,0,0,ICU,7,4,0.537,low
2024-11-12,1,11,0,0,0,0,Pediatrics,12,7,0.496,low
2024-11-12,1,11,0,0,0,0,Maternity,9,6,0.675,medium
2024-11-12,1,11,0,0,0,0,Orthopedics,8,5,0.604,medium
2024-11-13,2,11,0,0,0,0,General,26,15,0.607,medium
2024-11-13,2,11,0,0,0,0,ICU,7,3,0.467,low
2024-11-13,2,11,0,0,0,0,Pediatrics,12,7,0.546,low
2024-11-13,2,11,0,0,0,0,Maternity,9,5,0.53,low
2024-11-13,2,11,0,0,0,0,Orthopedics,8,6,0.776,medium
2024-11-14,3,11,0,0,0,0,General,26,21,0.834,medium
2024-11-14,3,11,0,0,0,0,ICU,7,3,0.412,low
2024-11-14,3,11,0,0,0,0,Pediatrics,12,7,0.65,medium
2024-11-14,3,11,0,0,0,0,Maternity,9,5,0.6,medium
2024-11-14,3,11,0,0,0,0,Orthopedics,8,6,0.841,medium
2024-11-15,4,11,0,0,0,1,General,26,19,0.766,medium
2024-11-15,4,11,0,0,0,1,ICU,7,6,0.826,medium
2024-11-15,4,11,0,0,0,1,Pediatrics,12,7,0.489,low
2024-11-15,4,11,0,0,0,1,Maternity,9,5,0.461,low
2024-11-15,4,11,0,0,0,1,Orthopedics,8,3,0.397,low
2024-11-16,5,11,1,0,0,0,General,26,14,0.56,low
2024-11-16,5,11,1,0,0,0,ICU,7,5,0.778,medium
2024-11-16,5,11,1,0,0,0,Pediatrics,12,5,0.383,low
2024-11-16,5,11,1,0,0,0,Maternity,9,4,0.486,low
2024-11-16,5,11,1,0,0,0,Orthopedics,8,4,0.523,low
2024-11-17,6,11,1,0,0,0,General,26,16,0.556,low
2024-11-17,6,11,1,0,0,0,ICU,7,6,0.933,high
2024-11-17,6,11,1,0,0,0,Pediatrics,12,7,0.672,medium
2024-11-17,6,11,1,0,0,0,Maternity,9,3,0.307,low
2024-11-17,6,11,1,0,0,0,Orthopedics,8,3,0.411,low
2024-11-18,0,11,0,0,0,0,General,26,15,0.615,medium
2024-11-18,0,11,0,0,0,0,ICU,7,5,0.749,medium
2024-11-18,0,11,0,0,0,0,Pediatrics,12,8,0.617,medium
2024-11-18,0,11,0,0,0,0,Maternity,9,5,0.618,medium
2024-11-18,0,11,0,0,0,0,Orthopedics,8,6,0.748,medium
2024-11-19,1,11,0,0,0,0,General,26,17,0.553,low
2024-11-19,1,11,0,0,0,0,ICU,7,3,0.524,low
2024-11-19,1,11,0,0,0,0,Pediatrics,12,6,0.509,low
2024-11-19,1,11,0,0,0,0,Maternity,9,7,0.715,medium
2024-11-19,1,11,0,0,0,0,Orthopedics,8,5,0.672,medium
2024-11-20,2,11,0,0,0,0,General,26,18,0.836,medium
2024-11-20,2,11,0,0,0,0,ICU,7,3,0.482,low
2024-11-20,2,11,0,0,0,0,Pediatrics,12,8,0.705,medium
2024-11-20,2,11,0,0,0,0,Maternity,9,6,0.63,medium
2024-11-20,2,11,0,0,0,0,Orthopedics,8,5,0.532,low
2024-11-21,3,11,0,0,0,0,General,26,20,0.784,medium
2024-11-21,3,11,0,0,0,0,ICU,7,4,0.624,medium
2024-11-21,3,11,0,0,0,0,Pediatrics,12,8,0.674,medium
2024-11-21,3,11,0,0,0,0,Maternity,9,5,0.52,low
2024-11-21,3,11,0,0,0,0,Orthopedics,8,6,0.822,medium
2024-11-22,4,11,0,0,0,0,General,26,17,0.656,medium
2024-11-22,4,11,0,0,0,0,ICU,7,3,0.487,low
2024-11-22,4,11,0,0,0,0,Pediatrics,12,9,0.847,medium
2024-11-22,4,11,0,0,0,0,Maternity,9,5,0.537,low
2024-11-22,4,11,0,0,0,0,Orthopedics,8,5,0.657,medium
2024-11-23,5,11,1,0,0,0,General,26,13,0.456,low
2024-11-23,5,11,1,0,0,0,ICU,7,5,0.75,medium
2024-11-23,5,11,1,0,0,0,Pediatrics,12,5,0.484,low
2024-11-23,5,11,1,0,0,0,Maternity,9,5,0.562,low
2024-11-23,5,11,1,0,0,0,Orthopedics,8,4,0.528,low
2024-11-24,6,11,1,0,0,0,General,26,12,0.463,low
2024-11-24,6,11,1,0,0,0,ICU,7,3,0.472,low
2024-11-24,6,11,1,0,0,0,Pediatrics,12,5,0.492,low
2024-11-24,6,11,1,0,0,0,Maternity,9,4,0.434,low
2024-11-24,6,11,1,0,0,0,Orthopedics,8,3,0.361,low
2024-11-25,0,11,0,0,0,0,General,26,22,0.722,medium
2024-11-25,0,11,0,0,0,0,ICU,7,5,0.731,medium
2024-11-25,0,11,0,0,0,0,Pediatrics,12,7,0.53,low
2024-11-25,0,11,0,0,0,0,Maternity,9,8,0.842,medium
2024-11-25,0,11,0,0,0,0,Orthopedics,8,4,0.557,low
2024-11-26,1,11,0,0,0,1,General,26,21,0.761,medium
2024-11-26,1,11,0,0,0,1,ICU,7,5,0.663,medium
2024-11-26,1,11,0,0,0,1,Pediatrics,12,10,0.886,high
2024-11-26,1,11,0,0,0,1,Maternity,9,5,0.574,low
2024-11-26,1,11,0,0,0,1,Orthopedics,8,4,0.5,low
2024-11-27,2,11,0,0,0,0,General,26,15,0.599,low
2024-11-27,2,11,0,0,0,0,ICU,7,5,0.664,medium
2024-11-27,2,11,0,0,0,0,Pediatrics,12,8,0.687,medium
2024-11-27,2,11,0,0,0,0,Maternity,9,6,0.618,medium
2024-11-27,2,11,0,0,0,0,Orthopedics,8,6,0.866,high
2024-11-28,3,11,0,0,0,0,General,26,19,0.686,medium
2024-11-28,3,11,0,0,0,0,ICU,7,3,0.441,low
2024-11-28,3,11,0,0,0,0,Pediatrics,12,9,0.774,medium
2024-11-28,3,11,0,0,0,0,Maternity,9,6,0.637,medium
2024-11-28,3,11,0,0,0,0,Orthopedics,8,4,0.542,low
2024-11-29,4,11,0,0,0,0,General,26,20,0.692,medium
2024-11-29,4,11,0,0,0,0,ICU,7,5,0.743,medium
2024-11-29,4,11,0,0,0,0,Pediatrics,12,10,0.766,medium
2024-11-29,4,11,0,0,0,0,Maternity,9,5,0.548,low
2024-11-29,4,11,0,0,0,0,Orthopedics,8,5,0.715,medium
2024-11-30,5,11,1,0,0,0,General,26,15,0.565,low
2024-11-30,5,11,1,0,0,0,ICU,7,4,0.633,medium
2024-11-30,5,11,1,0,0,0,Pediatrics,12,5,0.498,low
2024-11-30,5,11,1,0,0,0,Maternity,9,4,0.524,low
2024-11-30,5,11,1,0,0,0,Orthopedics,8,4,0.493,low
2024-12-01,6,12,1,1,0,1,General,26,21,0.791,medium
2024-12-01,6,12,1,1,0,1,ICU,7,7,1.0,high
2024-12-01,6,12,1,1,0,1,Pediatrics,12,10,0.825,medium
2024-12-01,6,12,1,1,0,1,Maternity,9,4,0.338,low
2024-12-01,6,12,1,1,0,1,Orthopedics,8,3,0.326,low
2024-12-02,0,12,0,1,0,0,General,26,22,0.762,medium
2024-12-02,0,12,0,1,0,0,ICU,7,4,0.504,low
2024-12-02,0,12,0,1,0,0,Pediatrics,12,12,1.0,high
2024-12-02,0,12,0,1,0,0,Maternity,9,6,0.676,medium
2024-12-02,0,12,0,1,0,0,Orthopedics,8,6,0.757,medium
2024-12-03,1,12,0,1,0,0,General,26,27,0.979,high
2024-12-03,1,12,0,1,0,0,ICU,7,6,0.948,high
2024-12-03,1,12,0,1,0,0,Pediatrics,12,10,0.782,medium
2024-12-03,1,12,0,1,0,0,Maternity,9,6,0.618,medium
2024-12-03,1,12,0,1,0,0,Orthopedics,8,6,0.714,medium
2024-12-04,2,12,0,1,0,0,General,26,36,1.0,high
2024-12-04,2,12,0,1,0,0,ICU,7,5,0.766,medium
2024-12-04,2,12,0,1,0,0,Pediatrics,12,15,1.0,high
2024-12-04,2,12,0,1,0,0,Maternity,9,6,0.671,medium
2024-12-04,2,12,0,1,0,0,Orthopedics,8,7,0.882,high
2024-12-05,3,12,0,1,0,0,General,26,21,0.768,medium
2024-12-05,3,12,0,1,0,0,ICU,7,5,0.711,medium
2024-12-05,3,12,0,1,0,0,Pediatrics,12,17,1.0,high
2024-12-05,3,12,0,1,0,0,Maternity,9,7,0.852,high
2024-12-05,3,12,0,1,0,0,Orthopedics,8,8,0.98,high
2024-12-06,4,12,0,1,0,0,General,26,29,1.0,high
2024-12-06,4,12,0,1,0,0,ICU,7,5,0.709,medium
2024-12-06,4,12,0,1,0,0,Pediatrics,12,14,1.0,high
2024-12-06,4,12,0,1,0,0,Maternity,9,7,0.784,medium
2024-12-06,4,12,0,1,0,0,Orthopedics,8,6,0.852,high
2024-12-07,5,12,1,1,0,0,General,26,18,0.672,medium
2024-12-07,5,12,1,1,0,0,ICU,7,8,1.0,high
2024-12-07,5,12,1,1,0,0,Pediatrics,12,9,0.743,medium
2024-12-07,5,12,1,1,0,0,Maternity,9,6,0.677,medium
2024-12-07,5,12,1,1,0,0,Orthopedics,8,4,0.473,low
2024-12-08,6,12,1,1,0,0,General,26,18,0.688,medium
2024-12-08,6,12,1,1,0,0,ICU,7,6,0.878,high
2024-12-08,6,12,1,1,0,0,Pediatrics,12,7,0.637,medium
2024-12-08,6,12,1,1,0,0,Maternity,9,5,0.625,medium
2024-12-08,6,12,1,1,0,0,Orthopedics,8,5,0.68,medium
2024-12-09,0,12,0,1,0,0,General,26,29,1.0,high
2024-12-09,0,12,0,1,0,0,ICU,7,6,0.852,high
2024-12-09,0,12,0,1,0,0,Pediatrics,12,18,1.0,high
2024-12-09,0,12,0,1,0,0,Maternity,9,7,0.714,medium
2024-12-09,0,12,0,1,0,0,Orthopedics,8,5,0.64,medium
2024-12-10,1,12,0,1,0,0,General,26,28,1.0,high
2024-12-10,1,12,0,1,0,0,ICU,7,5,0.794,medium
2024-12-10,1,12,0,1,0,0,Pediatrics,12,15,1.0,high
2024-12-10,1,12,0,1,0,0,Maternity,9,6,0.626,medium
2024-12-10,1,12,0,1,0,0,Orthopedics,8,6,0.729,medium
2024-12-11,2,12,0,1,0,0,General,26,25,0.899,high
2024-12-11,2,12,0,1,0,0,ICU,7,5,0.686,medium
2024-12-11,2,12,0,1,0,0,Pediatrics,12,7,0.686,medium
2024-12-11,2,12,0,1,0,0,Maternity,9,8,0.87,high
2024-12-11,2,12,0,1,0,0,Orthopedics,8,6,0.691,medium
2024-12-12,3,12,0,1,0,0,General,26,34,1.0,high
2024-12-12,3,12,0,1,0,0,ICU,7,5,0.765,medium
2024-12-12,3,12,0,1,0,0,Pediatrics,12,14,1.0,high
2024-12-12,3,12,0,1,0,0,Maternity,9,6,0.673,medium
2024-12-12,3,12,0,1,0,0,Orthopedics,8,6,0.739,medium
2024-12-13,4,12,0,1,0,0,General,26,27,1.0,high
2024-12-13,4,12,0,1,0,0,ICU,7,5,0.661,medium
2024-12-13,4,12,0,1,0,0,Pediatrics,12,12,0.936,high
2024-12-13,4,12,0,1,0,0,Maternity,9,8,0.784,medium
2024-12-13,4,12,0,1,0,0,Orthopedics,8,7,0.944,high
2024-12-14,5,12,1,1,0,0,General,26,19,0.601,medium
2024-12-14,5,12,1,1,0,0,ICU,7,6,0.854,high
2024-12-14,5,12,1,1,0,0,Pediatrics,12,8,0.641,medium
2024-12-14,5,12,1,1,0,0,Maternity,9,6,0.7,medium
2024-12-14,5,12,1,1,0,0,Orthopedics,8,4,0.42,low
2024-12-15,6,12,1,1,0,1,General,26,21,0.797,medium
2024-12-15,6,12,1,1,0,1,ICU,7,7,0.973,high
2024-12-15,6,12,1,1,0,1,Pediatrics,12,12,1.0,high
2024-12-15,6,12,1,1,0,1,Maternity,9,4,0.442,low
2024-12-15,6,12,1,1,0,1,Orthopedics,8,3,0.357,low
2024-12-16,0,12,0,1,0,0,General,26,32,1.0,high
2024-12-16,0,12,0,1,0,0,ICU,7,5,0.717,medium
2024-12-16,0,12,0,1,0,0,Pediatrics,12,12,0.931,high
2024-12-16,0,12,0,1,0,0,Maternity,9,7,0.775,medium
2024-12-16,0,12,0,1,0,0,Orthopedics,8,6,0.723,medium
2024-12-17,1,12,0,1,0,0,General,26,32,1.0,high
2024-12-17,1,12,0,1,0,0,ICU,7,7,0.913,high
2024-12-17,1,12,0,1,0,0,Pediatrics,12,14,1.0,high
2024-12-17,1,12,0,1,0,0,Maternity,9,6,0.688,medium
2024-12-17,1,12,0,1,0,0,Orthopedics,8,7,0.764,medium
2024-12-18,2,12,0,1,0,0,General,26,29,0.991,high
2024-12-18,2,12,0,1,0,0,ICU,7,4,0.653,medium
2024-12-18,2,12,0,1,0,0,Pediatrics,12,12,0.941,high
2024-12-18,2,12,0,1,0,0,Maternity,9,6,0.77,medium
2024-12-18,2,12,0,1,0,0,Orthopedics,8,4,0.447,low
2024-12-19,3,12,0,1,0,0,General,26,33,1.0,high
2024-12-19,3,12,0,1,0,0,ICU,7,5,0.652,medium
2024-12-19,3,12,0,1,0,0,Pediatrics,12,17,1.0,high
2024-12-19,3,12,0,1,0,0,Maternity,9,7,0.737,medium
2024-12-19,3,12,0,1,0,0,Orthopedics,8,6,0.742,medium
2024-12-20,4,12,0,1,0,0,General,26,28,1.0,high
2024-12-20,4,12,0,1,0,0,ICU,7,6,0.803,medium
2024-12-20,4,12,0,1,0,0,Pediatrics,12,16,1.0,high
2024-12-20,4,12,0,1,0,0,Maternity,9,7,0.851,high
2024-12-20,4,12,0,1,0,0,Orthopedics,8,5,0.623,medium
2024-12-21,5,12,1,1,0,0,General,26,19,0.652,medium
2024-12-21,5,12,1,1,0,0,ICU,7,6,0.983,high
2024-12-21,5,12,1,1,0,0,Pediatrics,12,7,0.582,low
2024-12-21,5,12,1,1,0,0,Maternity,9,5,0.562,low
2024-12-21,5,12,1,1,0,0,Orthopedics,8,4,0.435,low
2024-12-22,6,12,1,1,0,0,General,26,21,0.77,medium
2024-12-22,6,12,1,1,0,0,ICU,7,4,0.631,medium
2024-12-22,6,12,1,1,0,0,Pediatrics,12,11,0.919,high
2024-12-22,6,12,1,1,0,0,Maternity,9,5,0.609,medium
2024-12-22,6,12,1,1,0,0,Orthopedics,8,5,0.67,medium
2024-12-23,0,12,0,1,0,0,General,26,26,1.0,high
2024-12-23,0,12,0,1,0,0,ICU,7,5,0.724,medium
2024-12-23,0,12,0,1,0,0,Pediatrics,12,11,0.931,high
2024-12-23,0,12,0,1,0,0,Maternity,9,6,0.635,medium
2024-12-23,0,12,0,1,0,0,Orthopedics,8,5,0.572,low
2024-12-24,1,12,0,1,0,0,General,26,36,1.0,high
2024-12-24,1,12,0,1,0,0,ICU,7,7,0.939,high
2024-12-24,1,12,0,1,0,0,Pediatrics,12,13,1.0,high
2024-12-24,1,12,0,1,0,0,Maternity,9,6,0.621,medium
2024-12-24,1,12,0,1,0,0,Orthopedics,8,7,0.855,high
2024-12-25,2,12,0,1,0,0,General,26,31,1.0,high
2024-12-25,2,12,0,1,0,0,ICU,7,7,0.926,high
2024-12-25,2,12,0,1,0,0,Pediatrics,12,16,1.0,high
2024-12-25,2,12,0,1,0,0,Maternity,9,6,0.717,medium
2024-12-25,2,12,0,1,0,0,Orthopedics,8,6,0.739,medium
2024-12-26,3,12,0,1,0,1,General,26,26,0.964,high
2024-12-26,3,12,0,1,0,1,ICU,7,7,1.0,high
2024-12-26,3,12,0,1,0,1,Pediatrics,12,16,1.0,high
2024-12-26,3,12,0,1,0,1,Maternity,9,4,0.499,low
2024-12-26,3,12,0,1,0,1,Orthopedics,8,3,0.354,low
2024-12-27,4,12,0,1,0,0,General,26,27,1.0,high
2024-12-27,4,12,0,1,0,0,ICU,7,5,0.734,medium
2024-12-27,4,12,0,1,0,0,Pediatrics,12,15,1.0,high
2024-12-27,4,12,0,1,0,0,Maternity,9,6,0.652,medium
2024-12-27,4,12,0,1,0,0,Orthopedics,8,7,0.92,high
2024-12-28,5,12,1,1,0,0,General,26,16,0.633,medium
2024-12-28,5,12,1,1,0,0,ICU,7,4,0.574,low
2024-12-28,5,12,1,1,0,0,Pediatrics,12,13,1.0,high
2024-12-28,5,12,1,1,0,0,Maternity,9,4,0.483,low
2024-12-28,5,12,1,1,0,0,Orthopedics,8,3,0.343,low
2024-12-29,6,12,1,1,0,0,General,26,22,0.814,medium
2024-12-29,6,12,1,1,0,0,ICU,7,6,0.894,high
2024-12-29,6,12,1,1,0,0,Pediatrics,12,11,0.93,high
2024-12-29,6,12,1,1,0,0,Maternity,9,5,0.574,low
2024-12-29,6,12,1,1,0,0,Orthopedics,8,4,0.523,low
2024-12-30,0,12,0,1,0,0,General,26,25,0.952,high
2024-12-30,0,12,0,1,0,0,ICU,7,4,0.57,low
2024-12-30,0,12,0,1,0,0,Pediatrics,12,12,0.944,high
2024-12-30,0,12,0,1,0,0,Maternity,9,7,0.788,medium
2024-12-30,0,12,0,1,0,0,Orthopedics,8,7,0.853,high
2024-12-31,1,12,0,1,0,0,General,26,29,1.0,high
2024-12-31,1,12,0,1,0,0,ICU,7,6,0.816,medium
2024-12-31,1,12,0,1,0,0,Pediatrics,12,13,1.0,high
2024-12-31,1,12,0,1,0,0,Maternity,9,7,0.673,medium
2024-12-31,1,12,0,1,0,0,Orthopedics,8,6,0.861,high
2025-01-01,2,1,0,1,0,1,General,26,28,1.0,high
2025-01-01,2,1,0,1,0,1,ICU,7,6,0.873,high
2025-01-01,2,1,0,1,0,1,Pediatrics,12,17,1.0,high
2025-01-01,2,1,0,1,0,1,Maternity,9,5,0.585,low
2025-01-01,2,1,0,1,0,1,Orthopedics,8,4,0.517,low
2025-01-02,3,1,0,1,0,0,General,26,31,1.0,high
2025-01-02,3,1,0,1,0,0,ICU,7,4,0.612,medium
2025-01-02,3,1,0,1,0,0,Pediatrics,12,13,1.0,high
2025-01-02,3,1,0,1,0,0,Maternity,9,7,0.77,medium
2025-01-02,3,1,0,1,0,0,Orthopedics,8,7,0.871,high
2025-01-03,4,1,0,1,0,0,General,26,22,0.826,medium
2025-01-03,4,1,0,1,0,0,ICU,7,5,0.776,medium
2025-01-03,4,1,0,1,0,0,Pediatrics,12,14,1.0,high
2025-01-03,4,1,0,1,0,0,Maternity,9,9,1.0,high
2025-01-03,4,1,0,1,0,0,Orthopedics,8,7,0.867,high
2025-01-04,5,1,1,1,0,0,General,26,22,0.888,high
2025-01-04,5,1,1,1,0,0,ICU,7,7,1.0,high
2025-01-04,5,1,1,1,0,0,Pediatrics,12,11,0.901,high
2025-01-04,5,1,1,1,0,0,Maternity,9,5,0.572,low
2025-01-04,5,1,1,1,0,0,Orthopedics,8,5,0.614,medium
2025-01-05,6,1,1,1,0,0,General,26,23,0.957,high
2025-01-05,6,1,1,1,0,0,ICU,7,5,0.672,medium
2025-01-05,6,1,1,1,0,0,Pediatrics,12,10,0.849,medium
2025-01-05,6,1,1,1,0,0,Maternity,9,5,0.623,medium
2025-01-05,6,1,1,1,0,0,Orthopedics,8,5,0.627,medium
2025-01-06,0,1,0,1,0,0,General,26,21,0.742,medium
2025-01-06,0,1,0,1,0,0,ICU,7,5,0.608,medium
2025-01-06,0,1,0,1,0,0,Pediatrics,12,15,1.0,high
2025-01-06,0,1,0,1,0,0,Maternity,9,10,1.0,high
2025-01-06,0,1,0,1,0,0,Orthopedics,8,6,0.745,medium
2025-01-07,1,1,0,1,0,0,General,26,31,1.0,high
2025-01-07,1,1,0,1,0,0,ICU,7,4,0.482,low
2025-01-07,1,1,0,1,0,0,Pediatrics,12,12,1.0,high
2025-01-07,1,1,0,1,0,0,Maternity,9,7,0.831,medium
2025-01-07,1,1,0,1,0,0,Orthopedics,8,5,0.509,low
2025-01-08,2,1,0,1,0,0,General,26,30,1.0,high
2025-01-08,2,1,0,1,0,0,ICU,7,4,0.579,low
2025-01-08,2,1,0,1,0,0,Pediatrics,12,15,1.0,high
2025-01-08,2,1,0,1,0,0,Maternity,9,6,0.659,medium
2025-01-08,2,1,0,1,0,0,Orthopedics,8,6,0.683,medium
2025-01-09,3,1,0,1,0,0,General,26,24,0.949,high
2025-01-09,3,1,0,1,0,0,ICU,7,5,0.723,medium
2025-01-09,3,1,0,1,0,0,Pediatrics,12,11,0.908,high
2025-01-09,3,1,0,1,0,0,Maternity,9,4,0.453,low
2025-01-09,3,1,0,1,0,0,Orthopedics,8,7,0.801,medium
2025-01-10,4,1,0,1,0,0,General,26,25,0.978,high
2025-01-10,4,1,0,1,0,0,ICU,7,6,0.835,medium
2025-01-10,4,1,0,1,0,0,Pediatrics,12,12,0.902,high
2025-01-10,4,1,0,1,0,0,Maternity,9,7,0.88,high
2025-01-10,4,1,0,1,0,0,Orthopedics,8,6,0.749,medium
2025-01-11,5,1,1,1,0,0,General,26,21,0.807,medium
2025-01-11,5,1,1,1,0,0,ICU,7,5,0.755,medium
2025-01-11,5,1,1,1,0,0,Pediatrics,12,10,0.834,medium
2025-01-11,5,1,1,1,0,0,Maternity,9,4,0.51,low
2025-01-11,5,1,1,1,0,0,Orthopedics,8,5,0.597,low
2025-01-12,6,1,1,1,0,0,General,26,23,0.86,high
2025-01-12,6,1,1,1,0,0,ICU,7,5,0.676,medium
2025-01-12,6,1,1,1,0,0,Pediatrics,12,7,0.607,medium
2025-01-12,6,1,1,1,0,0,Maternity,9,4,0.383,low
2025-01-12,6,1,1,1,0,0,Orthopedics,8,3,0.371,low
2025-01-13,0,1,0,1,0,0,General,26,26,0.984,high
2025-01-13,0,1,0,1,0,0,ICU,7,4,0.513,low
2025-01-13,0,1,0,1,0,0,Pediatrics,12,14,1.0,high
2025-01-13,0,1,0,1,0,0,Maternity,9,7,0.734,medium
2025-01-13,0,1,0,1,0,0,Orthopedics,8,6,0.815,medium
2025-01-14,1,1,0,1,0,0,General,26,29,1.0,high
2025-01-14,1,1,0,1,0,0,ICU,7,5,0.702,medium
2025-01-14,1,1,0,1,0,0,Pediatrics,12,13,1.0,high
2025-01-14,1,1,0,1,0,0,Maternity,9,6,0.677,medium
2025-01-14,1,1,0,1,0,0,Orthopedics,8,5,0.574,low
2025-01-15,2,1,0,1,0,1,General,26,24,0.843,medium
2025-01-15,2,1,0,1,0,1,ICU,7,5,0.722,medium
2025-01-15,2,1,0,1,0,1,Pediatrics,12,13,1.0,high
2025-01-15,2,1,0,1,0,1,Maternity,9,5,0.457,low
2025-01-15,2,1,0,1,0,1,Orthopedics,8,5,0.666,medium
2025-01-16,3,1,0,1,0,0,General,26,23,0.906,high
2025-01-16,3,1,0,1,0,0,ICU,7,5,0.719,medium
2025-01-16,3,1,0,1,0,0,Pediatrics,12,11,0.827,medium
2025-01-16,3,1,0,1,0,0,Maternity,9,6,0.66,medium
2025-01-16,3,1,0,1,0,0,Orthopedics,8,6,0.691,medium
2025-01-17,4,1,0,1,0,0,General,26,25,0.975,high
2025-01-17,4,1,0,1,0,0,ICU,7,5,0.723,medium
2025-01-17,4,1,0,1,0,0,Pediatrics,12,12,1.0,high
2025-01-17,4,1,0,1,0,0,Maternity,9,5,0.58,low
2025-01-17,4,1,0,1,0,0,Orthopedics,8,7,0.899,high
2025-01-18,5,1,1,1,0,0,General,26,20,0.743,medium
2025-01-18,5,1,1,1,0,0,ICU,7,7,0.929,high
2025-01-18,5,1,1,1,0,0,Pediatrics,12,8,0.647,medium
2025-01-18,5,1,1,1,0,0,Maternity,9,6,0.686,medium
2025-01-18,5,1,1,1,0,0,Orthopedics,8,4,0.484,low
2025-01-19,6,1,1,1,0,0,General,26,18,0.657,medium
2025-01-19,6,1,1,1,0,0,ICU,7,7,0.931,high
2025-01-19,6,1,1,1,0,0,Pediatrics,12,12,1.0,high
2025-01-19,6,1,1,1,0,0,Maternity,9,6,0.644,medium
2025-01-19,6,1,1,1,0,0,Orthopedics,8,4,0.428,low
2025-01-20,0,1,0,1,0,0,General,26,25,0.986,high
2025-01-20,0,1,0,1,0,0,ICU,7,6,0.802,medium
2025-01-20,0,1,0,1,0,0,Pediatrics,12,12,0.992,high
2025-01-20,0,1,0,1,0,0,Maternity,9,5,0.585,low
2025-01-20,0,1,0,1,0,0,Orthopedics,8,5,0.615,medium
2025-01-21,1,1,0,1,0,0,General,26,25,0.922,high
2025-01-21,1,1,0,1,0,0,ICU,7,5,0.704,medium
2025-01-21,1,1,0,1,0,0,Pediatrics,12,12,0.964,high
2025-01-21,1,1,0,1,0,0,Maternity,9,7,0.86,high
2025-01-21,1,1,0,1,0,0,Orthopedics,8,6,0.8,medium
2025-01-22,2,1,0,1,0,0,General,26,21,0.816,medium
2025-01-22,2,1,0,1,0,0,ICU,7,4,0.498,low
2025-01-22,2,1,0,1,0,0,Pediatrics,12,12,1.0,high
2025-01-22,2,1,0,1,0,0,Maternity,9,8,0.901,high
2025-01-22,2,1,0,1,0,0,Orthopedics,8,5,0.615,medium
2025-01-23,3,1,0,1,0,0,General,26,28,1.0,high
2025-01-23,3,1,0,1,0,0,ICU,7,4,0.527,low
2025-01-23,3,1,0,1,0,0,Pediatrics,12,13,1.0,high
2025-01-23,3,1,0,1,0,0,Maternity,9,4,0.436,low
2025-01-23,3,1,0,1,0,0,Orthopedics,8,6,0.792,medium
2025-01-24,4,1,0,1,0,0,General,26,30,1.0,high
2025-01-24,4,1,0,1,0,0,ICU,7,5,0.619,medium
2025-01-24,4,1,0,1,0,0,Pediatrics,12,12,1.0,high
2025-01-24,4,1,0,1,0,0,Maternity,9,8,0.924,high
2025-01-24,4,1,0,1,0,0,Orthopedics,8,6,0.769,medium
2025-01-25,5,1,1,1,0,0,General,26,19,0.724,medium
2025-01-25,5,1,1,1,0,0,ICU,7,7,0.953,high
2025-01-25,5,1,1,1,0,0,Pediatrics,12,12,0.984,high
2025-01-25,5,1,1,1,0,0,Maternity,9,6,0.596,low
2025-01-25,5,1,1,1,0,0,Orthopedics,8,5,0.588,low
2025-01-26,6,1,1,1,0,1,General,26,18,0.703,medium
2025-01-26,6,1,1,1,0,1,ICU,7,8,1.0,high
2025-01-26,6,1,1,1,0,1,Pediatrics,12,8,0.662,medium
2025-01-26,6,1,1,1,0,1,Maternity,9,3,0.361,low
2025-01-26,6,1,1,1,0,1,Orthopedics,8,4,0.497,low
2025-01-27,0,1,0,1,0,0,General,26,35,1.0,high
2025-01-27,0,1,0,1,0,0,ICU,7,5,0.634,medium
2025-01-27,0,1,0,1,0,0,Pediatrics,12,13,1.0,high
2025-01-27,0,1,0,1,0,0,Maternity,9,8,0.912,high
2025-01-27,0,1,0,1,0,0,Orthopedics,8,5,0.634,medium
2025-01-28,1,1,0,1,0,0,General,26,30,1.0,high
2025-01-28,1,1,0,1,0,0,ICU,7,6,0.895,high
2025-01-28,1,1,0,1,0,0,Pediatrics,12,13,1.0,high
2025-01-28,1,1,0,1,0,0,Maternity,9,8,0.822,medium
2025-01-28,1,1,0,1,0,0,Orthopedics,8,6,0.711,medium
2025-01-29,2,1,0,1,0,0,General,26,29,1.0,high
2025-01-29,2,1,0,1,0,0,ICU,7,5,0.595,low
2025-01-29,2,1,0,1,0,0,Pediatrics,12,12,1.0,high
2025-01-29,2,1,0,1,0,0,Maternity,9,7,0.799,medium
2025-01-29,2,1,0,1,0,0,Orthopedics,8,6,0.686,medium
2025-01-30,3,1,0,1,0,0,General,26,29,1.0,high
2025-01-30,3,1,0,1,0,0,ICU,7,7,1.0,high
2025-01-30,3,1,0,1,0,0,Pediatrics,12,12,0.969,high
2025-01-30,3,1,0,1,0,0,Maternity,9,7,0.766,medium
2025-01-30,3,1,0,1,0,0,Orthopedics,8,7,0.884,high
2025-01-31,4,1,0,1,0,0,General,26,24,1.0,high
2025-01-31,4,1,0,1,0,0,ICU,7,5,0.753,medium
2025-01-31,4,1,0,1,0,0,Pediatrics,12,12,1.0,high
2025-01-31,4,1,0,1,0,0,Maternity,9,7,0.683,medium
2025-01-31,4,1,0,1,0,0,Orthopedics,8,8,1.0,high
2025-02-01,5,2,1,1,0,1,General,26,21,0.753,medium
2025-02-01,5,2,1,1,0,1,ICU,7,7,1.0,high
2025-02-01,5,2,1,1,0,1,Pediatrics,12,11,0.926,high
2025-02-01,5,2,1,1,0,1,Maternity,9,4,0.517,low
2025-02-01,5,2,1,1,0,1,Orthopedics,8,3,0.323,low
2025-02-02,6,2,1,1,0,0,General,26,24,1.0,high
2025-02-02,6,2,1,1,0,0,ICU,7,9,1.0,high
2025-02-02,6,2,1,1,0,0,Pediatrics,12,10,0.729,medium
2025-02-02,6,2,1,1,0,0,Maternity,9,5,0.528,low
2025-02-02,6,2,1,1,0,0,Orthopedics,8,6,0.711,medium
2025-02-03,0,2,0,1,0,0,General,26,20,0.746,medium
2025-02-03,0,2,0,1,0,0,ICU,7,4,0.609,medium
2025-02-03,0,2,0,1,0,0,Pediatrics,12,9,0.751,medium
2025-02-03,0,2,0,1,0,0,Maternity,9,5,0.54,low
2025-02-03,0,2,0,1,0,0,Orthopedics,8,7,0.893,high
2025-02-04,1,2,0,1,0,0,General,26,24,0.922,high
2025-02-04,1,2,0,1,0,0,ICU,7,5,0.738,medium
2025-02-04,1,2,0,1,0,0,Pediatrics,12,10,0.863,high
2025-02-04,1,2,0,1,0,0,Maternity,9,4,0.413,low
2025-02-04,1,2,0,1,0,0,Orthopedics,8,6,0.782,medium
2025-02-05,2,2,0,1,0,0,General,26,27,0.968,high
2025-02-05,2,2,0,1,0,0,ICU,7,4,0.581,low
2025-02-05,2,2,0,1,0,0,Pediatrics,12,13,1.0,high
2025-02-05,2,2,0,1,0,0,Maternity,9,6,0.701,medium
2025-02-05,2,2,0,1,0,0,Orthopedics,8,6,0.746,medium
2025-02-06,3,2,0,1,0,0,General,26,36,1.0,high
2025-02-06,3,2,0,1,0,0,ICU,7,4,0.611,medium
2025-02-06,3,2,0,1,0,0,Pediatrics,12,12,0.984,high
2025-02-06,3,2,0,1,0,0,Maternity,9,6,0.654,medium
2025-02-06,3,2,0,1,0,0,Orthopedics,8,7,0.915,high
2025-02-07,4,2,0,1,0,0,General,26,30,1.0,high
2025-02-07,4,2,0,1,0,0,ICU,7,4,0.429,low
2025-02-07,4,2,0,1,0,0,Pediatrics,12,12,1.0,high
2025-02-07,4,2,0,1,0,0,Maternity,9,7,0.767,medium
2025-02-07,4,2,0,1,0,0,Orthopedics,8,6,0.716,medium
2025-02-08,5,2,1,1,0,0,General,26,21,0.846,medium
2025-02-08,5,2,1,1,0,0,ICU,7,5,0.729,medium
2025-02-08,5,2,1,1,0,0,Pediatrics,12,11,0.896,high
2025-02-08,5,2,1,1,0,0,Maternity,9,5,0.696,medium
2025-02-08,5,2,1,1,0,0,Orthopedics,8,4,0.52,low
2025-02-09,6,2,1,1,0,0,General,26,18,0.701,medium
2025-02-09,6,2,1,1,0,0,ICU,7,6,0.867,high
2025-02-09,6,2,1,1,0,0,Pediatrics,12,8,0.677,medium
2025-02-09,6,2,1,1,0,0,Maternity,9,6,0.689,medium
2025-02-09,6,2,1,1,0,0,Orthopedics,8,5,0.613,medium
2025-02-10,0,2,0,1,0,0,General,26,30,1.0,high
2025-02-10,0,2,0,1,0,0,ICU,7,4,0.587,low
2025-02-10,0,2,0,1,0,0,Pediatrics,12,11,0.885,high
2025-02-10,0,2,0,1,0,0,Maternity,9,7,0.793,medium
2025-02-10,0,2,0,1,0,0,Orthopedics,8,5,0.678,medium
2025-02-11,1,2,0,1,0,0,General,26,29,1.0,high
2025-02-11,1,2,0,1,0,0,ICU,7,4,0.564,low
2025-02-11,1,2,0,1,0,0,Pediatrics,12,12,1.0,high
2025-02-11,1,2,0,1,0,0,Maternity,9,6,0.566,low
2025-02-11,1,2,0,1,0,0,Orthopedics,8,6,0.735,medium
2025-02-12,2,2,0,1,0,0,General,26,30,1.0,high
2025-02-12,2,2,0,1,0,0,ICU,7,7,0.904,high
2025-02-12,2,2,0,1,0,0,Pediatrics,12,16,1.0,high
2025-02-12,2,2,0,1,0,0,Maternity,9,7,0.782,medium
2025-02-12,2,2,0,1,0,0,Orthopedics,8,7,0.856,high
2025-02-13,3,2,0,1,0,0,General,26,23,0.956,high
2025-02-13,3,2,0,1,0,0,ICU,7,5,0.725,medium
2025-02-13,3,2,0,1,0,0,Pediatrics,12,16,1.0,high
2025-02-13,3,2,0,1,0,0,Maternity,9,7,0.748,medium
2025-02-13,3,2,0,1,0,0,Orthopedics,8,6,0.754,medium
2025-02-14,4,2,0,1,0,0,General,26,21,0.769,medium
2025-02-14,4,2,0,1,0,0,ICU,7,6,0.901,high
2025-02-14,4,2,0,1,0,0,Pediatrics,12,13,1.0,high
2025-02-14,4,2,0,1,0,0,Maternity,9,6,0.734,medium
2025-02-14,4,2,0,1,0,0,Orthopedics,8,6,0.762,medium
2025-02-15,5,2,1,1,0,1,General,26,26,0.961,high
2025-02-15,5,2,1,1,0,1,ICU,7,8,1.0,high
2025-02-15,5,2,1,1,0,1,Pediatrics,12,14,1.0,high
2025-02-15,5,2,1,1,0,1,Maternity,9,3,0.239,low
2025-02-15,5,2,1,1,0,1,Orthopedics,8,3,0.323,low
2025-02-16,6,2,1,1,0,0,General,26,18,0.685,medium
2025-02-16,6,2,1,1,0,0,ICU,7,7,1.0,high
2025-02-16,6,2,1,1,0,0,Pediatrics,12,10,0.779,medium
2025-02-16,6,2,1,1,0,0,Maternity,9,4,0.534,low
2025-02-16,6,2,1,1,0,0,Orthopedics,8,4,0.583,low
2025-02-17,0,2,0,1,0,0,General,26,26,1.0,high
2025-02-17,0,2,0,1,0,0,ICU,7,6,0.921,high
2025-02-17,0,2,0,1,0,0,Pediatrics,12,13,1.0,high
2025-02-17,0,2,0,1,0,0,Maternity,9,7,0.795,medium
2025-02-17,0,2,0,1,0,0,Orthopedics,8,7,0.875,high
2025-02-18,1,2,0,1,0,0,General,26,30,1.0,high
2025-02-18,1,2,0,1,0,0,ICU,7,5,0.73,medium
2025-02-18,1,2,0,1,0,0,Pediatrics,12,10,0.702,medium
2025-02-18,1,2,0,1,0,0,Maternity,9,7,0.773,medium
2025-02-18,1,2,0,1,0,0,Orthopedics,8,6,0.762,medium
2025-02-19,2,2,0,1,0,0,General,26,27,1.0,high
2025-02-19,2,2,0,1,0,0,ICU,7,5,0.677,medium
2025-02-19,2,2,0,1,0,0,Pediatrics,12,15,1.0,high
2025-02-19,2,2,0,1,0,0,Maternity,9,7,0.754,medium
2025-02-19,2,2,0,1,0,0,Orthopedics,8,5,0.629,medium
2025-02-20,3,2,0,1,0,0,General,26,27,1.0,high
2025-02-20,3,2,0,1,0,0,ICU,7,5,0.622,medium
2025-02-20,3,2,0,1,0,0,Pediatrics,12,12,1.0,high
2025-02-20,3,2,0,1,0,0,Maternity,9,6,0.654,medium
2025-02-20,3,2,0,1,0,0,Orthopedics,8,7,0.839,medium
2025-02-21,4,2,0,1,0,0,General,26,21,0.8,medium
2025-02-21,4,2,0,1,0,0,ICU,7,5,0.666,medium
2025-02-21,4,2,0,1,0,0,Pediatrics,12,13,1.0,high
2025-02-21,4,2,0,1,0,0,Maternity,9,7,0.793,medium
2025-02-21,4,2,0,1,0,0,Orthopedics,8,8,0.983,high
2025-02-22,5,2,1,1,0,0,General,26,21,0.782,medium
2025-02-22,5,2,1,1,0,0,ICU,7,5,0.685,medium
2025-02-22,5,2,1,1,0,0,Pediatrics,12,9,0.768,medium
2025-02-22,5,2,1,1,0,0,Maternity,9,7,0.742,medium
2025-02-22,5,2,1,1,0,0,Orthopedics,8,4,0.497,low
2025-02-23,6,2,1,1,0,0,General,26,21,0.821,medium
2025-02-23,6,2,1,1,0,0,ICU,7,7,0.879,high
2025-02-23,6,2,1,1,0,0,Pediatrics,12,6,0.475,low
2025-02-23,6,2,1,1,0,0,Maternity,9,6,0.588,low
2025-02-23,6,2,1,1,0,0,Orthopedics,8,2,0.279,low
2025-02-24,0,2,0,1,0,0,General,26,28,1.0,high
2025-02-24,0,2,0,1,0,0,ICU,7,4,0.523,low
2025-02-24,0,2,0,1,0,0,Pediatrics,12,13,1.0,high
2025-02-24,0,2,0,1,0,0,Maternity,9,7,0.635,medium
2025-02-24,0,2,0,1,0,0,Orthopedics,8,5,0.569,low
2025-02-25,1,2,0,1,0,0,General,26,26,0.973,high
2025-02-25,1,2,0,1,0,0,ICU,7,6,0.764,medium
2025-02-25,1,2,0,1,0,0,Pediatrics,12,13,1.0,high
2025-02-25,1,2,0,1,0,0,Maternity,9,8,0.865,high
2025-02-25,1,2,0,1,0,0,Orthopedics,8,6,0.66,medium
2025-02-26,2,2,0,1,0,1,General,26,19,0.773,medium
2025-02-26,2,2,0,1,0,1,ICU,7,6,0.916,high
2025-02-26,2,2,0,1,0,1,Pediatrics,12,12,1.0,high
2025-02-26,2,2,0,1,0,1,Maternity,9,6,0.688,medium
2025-02-26,2,2,0,1,0,1,Orthopedics,8,4,0.5,low
2025-02-27,3,2,0,1,0,0,General,26,21,0.875,high
2025-02-27,3,2,0,1,0,0,ICU,7,5,0.74,medium
2025-02-27,3,2,0,1,0,0,Pediatrics,12,10,0.774,medium
2025-02-27,3,2,0,1,0,0,Maternity,9,8,0.872,high
2025-02-27,3,2,0,1,0,0,Orthopedics,8,7,0.871,high
2025-02-28,4,2,0,1,0,0,General,26,20,0.814,medium
2025-02-28,4,2,0,1,0,0,ICU,7,5,0.749,medium
2025-02-28,4,2,0,1,0,0,Pediatrics,12,13,1.0,high
2025-02-28,4,2,0,1,0,0,Maternity,9,7,0.888,high
2025-02-28,4,2,0,1,0,0,Orthopedics,8,6,0.747,medium
2025-03-01,5,3,1,0,0,1,General,26,17,0.664,medium
2025-03-01,5,3,1,0,0,1,ICU,7,5,0.66,medium
2025-03-01,5,3,1,0,0,1,Pediatrics,12,7,0.635,medium
2025-03-01,5,3,1,0,0,1,Maternity,9,3,0.405,low
2025-03-01,5,3,1,0,0,1,Orthopedics,8,3,0.331,low
2025-03-02,6,3,1,0,0,0,General,26,16,0.601,medium
2025-03-02,6,3,1,0,0,0,ICU,7,5,0.7,medium
2025-03-02,6,3,1,0,0,0,Pediatrics,12,6,0.525,low
2025-03-02,6,3,1,0,0,0,Maternity,9,5,0.456,low
2025-03-02,6,3,1,0,0,0,Orthopedics,8,3,0.421,low
2025-03-03,0,3,0,0,0,0,General,26,18,0.666,medium
2025-03-03,0,3,0,0,0,0,ICU,7,3,0.375,low
2025-03-03,0,3,0,0,0,0,Pediatrics,12,6,0.495,low
2025-03-03,0,3,0,0,0,0,Maternity,9,5,0.507,low
2025-03-03,0,3,0,0,0,0,Orthopedics,8,5,0.643,medium
2025-03-04,1,3,0,0,0,0,General,26,24,0.847,medium
2025-03-04,1,3,0,0,0,0,ICU,7,5,0.763,medium
2025-03-04,1,3,0,0,0,0,Pediatrics,12,7,0.593,low
2025-03-04,1,3,0,0,0,0,Maternity,9,6,0.676,medium
2025-03-04,1,3,0,0,0,0,Orthopedics,8,6,0.78,medium
2025-03-05,2,3,0,0,0,0,General,26,19,0.709,medium
2025-03-05,2,3,0,0,0,0,ICU,7,3,0.418,low
2025-03-05,2,3,0,0,0,0,Pediatrics,12,9,0.674,medium
2025-03-05,2,3,0,0,0,0,Maternity,9,5,0.562,low
2025-03-05,2,3,0,0,0,0,Orthopedics,8,4,0.46,low
2025-03-06,3,3,0,0,0,0,General,26,17,0.586,low
2025-03-06,3,3,0,0,0,0,ICU,7,3,0.464,low
2025-03-06,3,3,0,0,0,0,Pediatrics,12,6,0.42,low
2025-03-06,3,3,0,0,0,0,Maternity,9,5,0.592,low
2025-03-06,3,3,0,0,0,0,Orthopedics,8,5,0.602,medium
2025-03-07,4,3,0,0,0,0,General,26,18,0.605,medium
2025-03-07,4,3,0,0,0,0,ICU,7,4,0.591,low
2025-03-07,4,3,0,0,0,0,Pediatrics,12,8,0.717,medium
2025-03-07,4,3,0,0,0,0,Maternity,9,5,0.612,medium
2025-03-07,4,3,0,0,0,0,Orthopedics,8,5,0.608,medium
2025-03-08,5,3,1,0,0,0,General,26,13,0.495,low
2025-03-08,5,3,1,0,0,0,ICU,7,5,0.66,medium
2025-03-08,5,3,1,0,0,0,Pediatrics,12,5,0.468,low
2025-03-08,5,3,1,0,0,0,Maternity,9,4,0.489,low
2025-03-08,5,3,1,0,0,0,Orthopedics,8,5,0.605,medium
2025-03-09,6,3,1,0,0,0,General,26,15,0.519,low
2025-03-09,6,3,1,0,0,0,ICU,7,5,0.724,medium
2025-03-09,6,3,1,0,0,0,Pediatrics,12,6,0.468,low
2025-03-09,6,3,1,0,0,0,Maternity,9,3,0.358,low
2025-03-09,6,3,1,0,0,0,Orthopedics,8,3,0.359,low
2025-03-10,0,3,0,0,0,0,General,26,21,0.817,medium
2025-03-10,0,3,0,0,0,0,ICU,7,5,0.766,medium
2025-03-10,0,3,0,0,0,0,Pediatrics,12,7,0.585,low
2025-03-10,0,3,0,0,0,0,Maternity,9,6,0.588,low
2025-03-10,0,3,0,0,0,0,Orthopedics,8,4,0.472,low
2025-03-11,1,3,0,0,0,0,General,26,13,0.502,low
2025-03-11,1,3,0,0,0,0,ICU,7,4,0.488,low
2025-03-11,1,3,0,0,0,0,Pediatrics,12,8,0.702,medium
2025-03-11,1,3,0,0,0,0,Maternity,9,6,0.65,medium
2025-03-11,1,3,0,0,0,0,Orthopedics,8,5,0.659,medium
2025-03-12,2,3,0,0,0,0,General,26,19,0.69,medium
2025-03-12,2,3,0,0,0,0,ICU,7,4,0.631,medium
2025-03-12,2,3,0,0,0,0,Pediatrics,12,7,0.688,medium
2025-03-12,2,3,0,0,0,0,Maternity,9,6,0.668,medium
2025-03-12,2,3,0,0,0,0,Orthopedics,8,4,0.511,low
2025-03-13,3,3,0,0,0,0,General,26,13,0.473,low
2025-03-13,3,3,0,0,0,0,ICU,7,3,0.435,low
2025-03-13,3,3,0,0,0,0,Pediatrics,12,9,0.782,medium
2025-03-13,3,3,0,0,0,0,Maternity,9,4,0.547,low
2025-03-13,3,3,0,0,0,0,Orthopedics,8,5,0.586,low
2025-03-14,4,3,0,0,0,0,General,26,18,0.701,medium
2025-03-14,4,3,0,0,0,0,ICU,7,4,0.581,low
2025-03-14,4,3,0,0,0,0,Pediatrics,12,7,0.563,low
2025-03-14,4,3,0,0,0,0,Maternity,9,5,0.484,low
2025-03-14,4,3,0,0,0,0,Orthopedics,8,5,0.654,medium
2025-03-15,5,3,1,0,0,1,General,26,16,0.656,medium
2025-03-15,5,3,1,0,0,1,ICU,7,5,0.688,medium
2025-03-15,5,3,1,0,0,1,Pediatrics,12,7,0.515,low
2025-03-15,5,3,1,0,0,1,Maternity,9,3,0.285,low
2025-03-15,5,3,1,0,0,1,Orthopedics,8,3,0.422,low
2025-03-16,6,3,1,0,0,0,General,26,14,0.592,low
2025-03-16,6,3,1,0,0,0,ICU,7,4,0.589,low
2025-03-16,6,3,1,0,0,0,Pediatrics,12,6,0.542,low
2025-03-16,6,3,1,0,0,0,Maternity,9,4,0.425,low
2025-03-16,6,3,1,0,0,0,Orthopedics,8,4,0.544,low
2025-03-17,0,3,0,0,0,0,General,26,16,0.612,medium
2025-03-17,0,3,0,0,0,0,ICU,7,3,0.304,low
2025-03-17,0,3,0,0,0,0,Pediatrics,12,8,0.697,medium
2025-03-17,0,3,0,0,0,0,Maternity,9,6,0.569,low
2025-03-17,0,3,0,0,0,0,Orthopedics,8,5,0.514,low
2025-03-18,1,3,0,0,0,0,General,26,22,0.792,medium
2025-03-18,1,3,0,0,0,0,ICU,7,5,0.762,medium
2025-03-18,1,3,0,0,0,0,Pediatrics,12,7,0.527,low
2025-03-18,1,3,0,0,0,0,Maternity,9,6,0.624,medium
2025-03-18,1,3,0,0,0,0,Orthopedics,8,5,0.601,medium
2025-03-19,2,3,0,0,0,0,General,26,13,0.388,low
2025-03-19,2,3,0,0,0,0,ICU,7,4,0.543,low
2025-03-19,2,3,0,0,0,0,Pediatrics,12,7,0.618,medium
2025-03-19,2,3,0,0,0,0,Maternity,9,7,0.764,medium
2025-03-19,2,3,0,0,0,0,Orthopedics,8,5,0.65,medium
2025-03-20,3,3,0,0,0,0,General,26,14,0.55,low
2025-03-20,3,3,0,0,0,0,ICU,7,4,0.605,medium
2025-03-20,3,3,0,0,0,0,Pediatrics,12,6,0.462,low
2025-03-20,3,3,0,0,0,0,Maternity,9,5,0.561,low
2025-03-20,3,3,0,0,0,0,Orthopedics,8,5,0.7,medium
2025-03-21,4,3,0,0,0,0,General,26,17,0.629,medium
2025-03-21,4,3,0,0,0,0,ICU,7,5,0.729,medium
2025-03-21,4,3,0,0,0,0,Pediatrics,12,10,0.848,medium
2025-03-21,4,3,0,0,0,0,Maternity,9,5,0.489,low
2025-03-21,4,3,0,0,0,0,Orthopedics,8,4,0.533,low
2025-03-22,5,3,1,0,0,0,General,26,16,0.708,medium
2025-03-22,5,3,1,0,0,0,ICU,7,5,0.772,medium
2025-03-22,5,3,1,0,0,0,Pediatrics,12,5,0.359,low
2025-03-22,5,3,1,0,0,0,Maternity,9,5,0.576,low
2025-03-22,5,3,1,0,0,0,Orthopedics,8,4,0.519,low
2025-03-23,6,3,1,0,0,0,General,26,14,0.603,medium
2025-03-23,6,3,1,0,0,0,ICU,7,5,0.741,medium
2025-03-23,6,3,1,0,0,0,Pediatrics,12,7,0.609,medium
2025-03-23,6,3,1,0,0,0,Maternity,9,4,0.482,low
2025-03-23,6,3,1,0,0,0,Orthopedics,8,3,0.428,low
2025-03-24,0,3,0,0,0,0,General,26,15,0.591,low
2025-03-24,0,3,0,0,0,0,ICU,7,3,0.456,low
2025-03-24,0,3,0,0,0,0,Pediatrics,12,8,0.587,low
2025-03-24,0,3,0,0,0,0,Maternity,9,6,0.638,medium
2025-03-24,0,3,0,0,0,0,Orthopedics,8,6,0.75,medium
2025-03-25,1,3,0,0,0,0,General,26,19,0.683,medium
2025-03-25,1,3,0,0,0,0,ICU,7,4,0.548,low
2025-03-25,1,3,0,0,0,0,Pediatrics,12,9,0.834,medium
2025-03-25,1,3,0,0,0,0,Maternity,9,5,0.609,medium
2025-03-25,1,3,0,0,0,0,Orthopedics,8,3,0.315,low
2025-03-26,2,3,0,0,0,1,General,26,17,0.586,low
2025-03-26,2,3,0,0,0,1,ICU,7,3,0.449,low
2025-03-26,2,3,0,0,0,1,Pediatrics,12,9,0.769,medium
2025-03-26,2,3,0,0,0,1,Maternity,9,5,0.569,low
2025-03-26,2,3,0,0,0,1,Orthopedics,8,4,0.497,low
2025-03-27,3,3,0,0,0,0,General,26,15,0.63,medium
2025-03-27,3,3,0,0,0,0,ICU,7,4,0.525,low
2025-03-27,3,3,0,0,0,0,Pediatrics,12,8,0.621,medium
2025-03-27,3,3,0,0,0,0,Maternity,9,6,0.684,medium
2025-03-27,3,3,0,0,0,0,Orthopedics,8,5,0.58,low
2025-03-28,4,3,0,0,0,0,General,26,17,0.708,medium
2025-03-28,4,3,0,0,0,0,ICU,7,4,0.675,medium
2025-03-28,4,3,0,0,0,0,Pediatrics,12,9,0.807,medium
2025-03-28,4,3,0,0,0,0,Maternity,9,5,0.594,low
2025-03-28,4,3,0,0,0,0,Orthopedics,8,5,0.597,low
2025-03-29,5,3,1,0,0,0,General,26,14,0.586,low
2025-03-29,5,3,1,0,0,0,ICU,7,5,0.67,medium
2025-03-29,5,3,1,0,0,0,Pediatrics,12,7,0.551,low
2025-03-29,5,3,1,0,0,0,Maternity,9,5,0.54,low
2025-03-29,5,3,1,0,0,0,Orthopedics,8,4,0.538,low
2025-03-30,6,3,1,0,0,0,General,26,11,0.52,low
2025-03-30,6,3,1,0,0,0,ICU,7,3,0.399,low
2025-03-30,6,3,1,0,0,0,Pediatrics,12,6,0.529,low
2025-03-30,6,3,1,0,0,0,Maternity,9,4,0.442,low
2025-03-30,6,3,1,0,0,0,Orthopedics,8,4,0.488,low
2025-03-31,0,3,0,0,0,0,General,26,22,0.888,high
2025-03-31,0,3,0,0,0,0,ICU,7,5,0.666,medium
2025-03-31,0,3,0,0,0,0,Pediatrics,12,8,0.652,medium
2025-03-31,0,3,0,0,0,0,Maternity,9,5,0.574,low
2025-03-31,0,3,0,0,0,0,Orthopedics,8,5,0.658,medium
2025-04-01,1,4,0,0,0,1,General,26,17,0.74,medium
2025-04-01,1,4,0,0,0,1,ICU,7,4,0.582,low
2025-04-01,1,4,0,0,0,1,Pediatrics,12,10,0.805,medium
2025-04-01,1,4,0,0,0,1,Maternity,9,5,0.494,low
2025-04-01,1,4,0,0,0,1,Orthopedics,8,4,0.501,low
2025-04-02,2,4,0,0,0,0,General,26,16,0.6,medium
2025-04-02,2,4,0,0,0,0,ICU,7,4,0.542,low
2025-04-02,2,4,0,0,0,0,Pediatrics,12,7,0.572,low
2025-04-02,2,4,0,0,0,0,Maternity,9,5,0.647,medium
2025-04-02,2,4,0,0,0,0,Orthopedics,8,5,0.667,medium
2025-04-03,3,4,0,0,0,0,General,26,19,0.682,medium
2025-04-03,3,4,0,0,0,0,ICU,7,4,0.611,medium
2025-04-03,3,4,0,0,0,0,Pediatrics,12,8,0.726,medium
2025-04-03,3,4,0,0,0,0,Maternity,9,7,0.824,medium
2025-04-03,3,4,0,0,0,0,Orthopedics,8,5,0.571,low
2025-04-04,4,4,0,0,0,0,General,26,16,0.625,medium
2025-04-04,4,4,0,0,0,0,ICU,7,4,0.463,low
2025-04-04,4,4,0,0,0,0,Pediatrics,12,8,0.675,medium
2025-04-04,4,4,0,0,0,0,Maternity,9,6,0.731,medium
2025-04-04,4,4,0,0,0,0,Orthopedics,8,5,0.691,medium
2025-04-05,5,4,1,0,0,0,General,26,13,0.547,low
2025-04-05,5,4,1,0,0,0,ICU,7,6,0.923,high
2025-04-05,5,4,1,0,0,0,Pediatrics,12,5,0.404,low
2025-04-05,5,4,1,0,0,0,Maternity,9,4,0.469,low
2025-04-05,5,4,1,0,0,0,Orthopedics,8,4,0.458,low
2025-04-06,6,4,1,0,0,0,General,26,14,0.437,low
2025-04-06,6,4,1,0,0,0,ICU,7,6,0.832,medium
2025-04-06,6,4,1,0,0,0,Pediatrics,12,6,0.485,low
2025-04-06,6,4,1,0,0,0,Maternity,9,5,0.414,low
2025-04-06,6,4,1,0,0,0,Orthopedics,8,4,0.495,low
2025-04-07,0,4,0,0,0,0,General,26,17,0.74,medium
2025-04-07,0,4,0,0,0,0,ICU,7,3,0.467,low
2025-04-07,0,4,0,0,0,0,Pediatrics,12,8,0.73,medium
2025-04-07,0,4,0,0,0,0,Maternity,9,5,0.519,low
2025-04-07,0,4,0,0,0,0,Orthopedics,8,6,0.771,medium
2025-04-08,1,4,0,0,0,0,General,26,14,0.511,low
2025-04-08,1,4,0,0,0,0,ICU,7,4,0.613,medium
2025-04-08,1,4,0,0,0,0,Pediatrics,12,7,0.438,low
2025-04-08,1,4,0,0,0,0,Maternity,9,6,0.606,medium
2025-04-08,1,4,0,0,0,0,Orthopedics,8,3,0.233,low
2025-04-09,2,4,0,0,0,0,General,26,20,0.776,medium
2025-04-09,2,4,0,0,0,0,ICU,7,4,0.641,medium
2025-04-09,2,4,0,0,0,0,Pediatrics,12,9,0.831,medium
2025-04-09,2,4,0,0,0,0,Maternity,9,5,0.554,low
2025-04-09,2,4,0,0,0,0,Orthopedics,8,4,0.489,low
2025-04-10,3,4,0,0,0,0,General,26,17,0.685,medium
2025-04-10,3,4,0,0,0,0,ICU,7,4,0.603,medium
2025-04-10,3,4,0,0,0,0,Pediatrics,12,9,0.858,high
2025-04-10,3,4,0,0,0,0,Maternity,9,6,0.62,medium
2025-04-10,3,4,0,0,0,0,Orthopedics,8,5,0.585,low
2025-04-11,4,4,0,0,0,0,General,26,22,0.832,medium
2025-04-11,4,4,0,0,0,0,ICU,7,4,0.548,low
2025-04-11,4,4,0,0,0,0,Pediatrics,12,9,0.742,medium
2025-04-11,4,4,0,0,0,0,Maternity,9,5,0.639,medium
2025-04-11,4,4,0,0,0,0,Orthopedics,8,4,0.502,low
2025-04-12,5,4,1,0,0,0,General,26,15,0.495,low
2025-04-12,5,4,1,0,0,0,ICU,7,5,0.662,medium
2025-04-12,5,4,1,0,0,0,Pediatrics,12,7,0.535,low
2025-04-12,5,4,1,0,0,0,Maternity,9,5,0.611,medium
2025-04-12,5,4,1,0,0,0,Orthopedics,8,4,0.513,low
2025-04-13,6,4,1,0,0,0,General,26,13,0.471,low
2025-04-13,6,4,1,0,0,0,ICU,7,6,0.822,medium
2025-04-13,6,4,1,0,0,0,Pediatrics,12,5,0.45,low
2025-04-13,6,4,1,0,0,0,Maternity,9,4,0.397,low
2025-04-13,6,4,1,0,0,0,Orthopedics,8,3,0.351,low
2025-04-14,0,4,0,0,0,0,General,26,18,0.704,medium
2025-04-14,0,4,0,0,0,0,ICU,7,5,0.741,medium
2025-04-14,0,4,0,0,0,0,Pediatrics,12,8,0.657,medium
2025-04-14,0,4,0,0,0,0,Maternity,9,6,0.73,medium
2025-04-14,0,4,0,0,0,0,Orthopedics,8,5,0.602,medium
2025-04-15,1,4,0,0,0,1,General,26,17,0.582,low
2025-04-15,1,4,0,0,0,1,ICU,7,5,0.743,medium
2025-04-15,1,4,0,0,0,1,Pediatrics,12,10,0.827,medium
2025-04-15,1,4,0,0,0,1,Maternity,9,5,0.531,low
2025-04-15,1,4,0,0,0,1,Orthopedics,8,4,0.498,low
2025-04-16,2,4,0,0,0,0,General,26,16,0.645,medium
2025-04-16,2,4,0,0,0,0,ICU,7,4,0.589,low
2025-04-16,2,4,0,0,0,0,Pediatrics,12,8,0.665,medium
2025-04-16,2,4,0,0,0,0,Maternity,9,8,0.948,high
2025-04-16,2,4,0,0,0,0,Orthopedics,8,6,0.756,medium
2025-04-17,3,4,0,0,0,0,General,26,21,0.834,medium
2025-04-17,3,4,0,0,0,0,ICU,7,4,0.556,low
2025-04-17,3,4,0,0,0,0,Pediatrics,12,8,0.508,low
2025-04-17,3,4,0,0,0,0,Maternity,9,6,0.642,medium
2025-04-17,3,4,0,0,0,0,Orthopedics,8,6,0.751,medium
2025-04-18,4,4,0,0,0,0,General,26,15,0.574,low
2025-04-18,4,4,0,0,0,0,ICU,7,3,0.452,low
2025-04-18,4,4,0,0,0,0,Pediatrics,12,8,0.715,medium
2025-04-18,4,4,0,0,0,0,Maternity,9,5,0.557,low
2025-04-18,4,4,0,0,0,0,Orthopedics,8,4,0.535,low
2025-04-19,5,4,1,0,0,0,General,26,15,0.602,medium
2025-04-19,5,4,1,0,0,0,ICU,7,5,0.735,medium
2025-04-19,5,4,1,0,0,0,Pediatrics,12,7,0.569,low
2025-04-19,5,4,1,0,0,0,Maternity,9,5,0.501,low
2025-04-19,5,4,1,0,0,0,Orthopedics,8,3,0.38,low
2025-04-20,6,4,1,0,0,0,General,26,16,0.603,medium
2025-04-20,6,4,1,0,0,0,ICU,7,4,0.551,low
2025-04-20,6,4,1,0,0,0,Pediatrics,12,6,0.515,low
2025-04-20,6,4,1,0,0,0,Maternity,9,3,0.397,low
2025-04-20,6,4,1,0,0,0,Orthopedics,8,3,0.411,low
2025-04-21,0,4,0,0,0,0,General,26,15,0.61,medium
2025-04-21,0,4,0,0,0,0,ICU,7,4,0.591,low
2025-04-21,0,4,0,0,0,0,Pediatrics,12,7,0.596,low
2025-04-21,0,4,0,0,0,0,Maternity,9,5,0.543,low
2025-04-21,0,4,0,0,0,0,Orthopedics,8,6,0.79,medium
2025-04-22,1,4,0,0,0,0,General,26,18,0.644,medium
2025-04-22,1,4,0,0,0,0,ICU,7,4,0.572,low
2025-04-22,1,4,0,0,0,0,Pediatrics,12,5,0.456,low
2025-04-22,1,4,0,0,0,0,Maternity,9,6,0.727,medium
2025-04-22,1,4,0,0,0,0,Orthopedics,8,4,0.341,low
2025-04-23,2,4,0,0,0,0,General,26,19,0.745,medium
2025-04-23,2,4,0,0,0,0,ICU,7,3,0.38,low
2025-04-23,2,4,0,0,0,0,Pediatrics,12,11,0.901,high
2025-04-23,2,4,0,0,0,0,Maternity,9,7,0.745,medium
2025-04-23,2,4,0,0,0,0,Orthopedics,8,3,0.366,low
2025-04-24,3,4,0,0,0,0,General,26,17,0.634,medium
2025-04-24,3,4,0,0,0,0,ICU,7,4,0.585,low
2025-04-24,3,4,0,0,0,0,Pediatrics,12,8,0.603,medium
2025-04-24,3,4,0,0,0,0,Maternity,9,6,0.569,low
2025-04-24,3,4,0,0,0,0,Orthopedics,8,3,0.412,low
2025-04-25,4,4,0,0,0,0,General,26,19,0.728,medium
2025-04-25,4,4,0,0,0,0,ICU,7,3,0.393,low
2025-04-25,4,4,0,0,0,0,Pediatrics,12,8,0.587,low
2025-04-25,4,4,0,0,0,0,Maternity,9,5,0.588,low
2025-04-25,4,4,0,0,0,0,Orthopedics,8,6,0.729,medium
2025-04-26,5,4,1,0,0,1,General,26,17,0.558,low
2025-04-26,5,4,1,0,0,1,ICU,7,6,0.817,medium
2025-04-26,5,4,1,0,0,1,Pediatrics,12,7,0.571,low
2025-04-26,5,4,1,0,0,1,Maternity,9,4,0.401,low
2025-04-26,5,4,1,0,0,1,Orthopedics,8,3,0.361,low
2025-04-27,6,4,1,0,0,0,General,26,13,0.491,low
2025-04-27,6,4,1,0,0,0,ICU,7,4,0.571,low
2025-04-27,6,4,1,0,0,0,Pediatrics,12,6,0.512,low
2025-04-27,6,4,1,0,0,0,Maternity,9,5,0.595,low
2025-04-27,6,4,1,0,0,0,Orthopedics,8,4,0.447,low
2025-04-28,0,4,0,0,0,0,General,26,20,0.71,medium
2025-04-28,0,4,0,0,0,0,ICU,7,4,0.602,medium
2025-04-28,0,4,0,0,0,0,Pediatrics,12,6,0.505,low
2025-04-28,0,4,0,0,0,0,Maternity,9,6,0.629,medium
2025-04-28,0,4,0,0,0,0,Orthopedics,8,6,0.717,medium
2025-04-29,1,4,0,0,0,0,General,26,16,0.619,medium
2025-04-29,1,4,0,0,0,0,ICU,7,4,0.564,low
2025-04-29,1,4,0,0,0,0,Pediatrics,12,9,0.777,medium
2025-04-29,1,4,0,0,0,0,Maternity,9,4,0.418,low
2025-04-29,1,4,0,0,0,0,Orthopedics,8,5,0.649,medium
2025-04-30,2,4,0,0,0,0,General,26,11,0.551,low
2025-04-30,2,4,0,0,0,0,ICU,7,4,0.579,low
2025-04-30,2,4,0,0,0,0,Pediatrics,12,9,0.867,high
2025-04-30,2,4,0,0,0,0,Maternity,9,7,0.825,medium
2025-04-30,2,4,0,0,0,0,Orthopedics,8,5,0.618,medium
2025-05-01,3,5,0,0,0,1,General,26,18,0.651,medium
2025-05-01,3,5,0,0,0,1,ICU,7,4,0.504,low
2025-05-01,3,5,0,0,0,1,Pediatrics,12,9,0.666,medium
2025-05-01,3,5,0,0,0,1,Maternity,9,4,0.443,low
2025-05-01,3,5,0,0,0,1,Orthopedics,8,4,0.474,low
2025-05-02,4,5,0,0,0,0,General,26,26,1.0,high
2025-05-02,4,5,0,0,0,0,ICU,7,3,0.44,low
2025-05-02,4,5,0,0,0,0,Pediatrics,12,7,0.533,low
2025-05-02,4,5,0,0,0,0,Maternity,9,5,0.577,low
2025-05-02,4,5,0,0,0,0,Orthopedics,8,4,0.548,low
2025-05-03,5,5,1,0,0,0,General,26,16,0.684,medium
2025-05-03,5,5,1,0,0,0,ICU,7,4,0.595,low
2025-05-03,5,5,1,0,0,0,Pediatrics,12,7,0.56,low
2025-05-03,5,5,1,0,0,0,Maternity,9,4,0.525,low
2025-05-03,5,5,1,0,0,0,Orthopedics,8,4,0.532,low
2025-05-04,6,5,1,0,0,0,General,26,12,0.401,low
2025-05-04,6,5,1,0,0,0,ICU,7,4,0.565,low
2025-05-04,6,5,1,0,0,0,Pediatrics,12,5,0.416,low
2025-05-04,6,5,1,0,0,0,Maternity,9,3,0.277,low
2025-05-04,6,5,1,0,0,0,Orthopedics,8,4,0.53,low
2025-05-05,0,5,0,0,0,0,General,26,17,0.603,medium
2025-05-05,0,5,0,0,0,0,ICU,7,3,0.41,low
2025-05-05,0,5,0,0,0,0,Pediatrics,12,9,0.796,medium
2025-05-05,0,5,0,0,0,0,Maternity,9,6,0.609,medium
2025-05-05,0,5,0,0,0,0,Orthopedics,8,5,0.584,low
2025-05-06,1,5,0,0,0,0,General,26,17,0.72,medium
2025-05-06,1,5,0,0,0,0,ICU,7,4,0.579,low
2025-05-06,1,5,0,0,0,0,Pediatrics,12,6,0.511,low
2025-05-06,1,5,0,0,0,0,Maternity,9,7,0.759,medium
2025-05-06,1,5,0,0,0,0,Orthopedics,8,6,0.815,medium
2025-05-07,2,5,0,0,0,0,General,26,22,0.861,high
2025-05-07,2,5,0,0,0,0,ICU,7,4,0.642,medium
2025-05-07,2,5,0,0,0,0,Pediatrics,12,9,0.725,medium
2025-05-07,2,5,0,0,0,0,Maternity,9,6,0.679,medium
2025-05-07,2,5,0,0,0,0,Orthopedics,8,4,0.493,low
2025-05-08,3,5,0,0,0,0,General,26,21,0.698,medium
2025-05-08,3,5,0,0,0,0,ICU,7,5,0.77,medium
2025-05-08,3,5,0,0,0,0,Pediatrics,12,7,0.611,medium
2025-05-08,3,5,0,0,0,0,Maternity,9,6,0.728,medium
2025-05-08,3,5,0,0,0,0,Orthopedics,8,6,0.68,medium
2025-05-09,4,5,0,0,0,0,General,26,20,0.759,medium
2025-05-09,4,5,0,0,0,0,ICU,7,4,0.535,low
2025-05-09,4,5,0,0,0,0,Pediatrics,12,10,0.885,high
2025-05-09,4,5,0,0,0,0,Maternity,9,5,0.489,low
2025-05-09,4,5,0,0,0,0,Orthopedics,8,5,0.647,medium
2025-05-10,5,5,1,0,0,0,General,26,14,0.601,medium
2025-05-10,5,5,1,0,0,0,ICU,7,5,0.763,medium
2025-05-10,5,5,1,0,0,0,Pediatrics,12,6,0.431,low
2025-05-10,5,5,1,0,0,0,Maternity,9,4,0.497,low
2025-05-10,5,5,1,0,0,0,Orthopedics,8,4,0.525,low
2025-05-11,6,5,1,0,0,0,General,26,13,0.449,low
2025-05-11,6,5,1,0,0,0,ICU,7,5,0.73,medium
2025-05-11,6,5,1,0,0,0,Pediatrics,12,5,0.405,low
2025-05-11,6,5,1,0,0,0,Maternity,9,4,0.5,low
2025-05-11,6,5,1,0,0,0,Orthopedics,8,4,0.573,low
2025-05-12,0,5,0,0,0,0,General,26,22,0.842,medium
2025-05-12,0,5,0,0,0,0,ICU,7,3,0.324,low
2025-05-12,0,5,0,0,0,0,Pediatrics,12,6,0.431,low
2025-05-12,0,5,0,0,0,0,Maternity,9,7,0.784,medium
2025-05-12,0,5,0,0,0,0,Orthopedics,8,5,0.514,low
2025-05-13,1,5,0,0,0,0,General,26,15,0.621,medium
2025-05-13,1,5,0,0,0,0,ICU,7,4,0.564,low
2025-05-13,1,5,0,0,0,0,Pediatrics,12,9,0.832,medium
2025-05-13,1,5,0,0,0,0,Maternity,9,6,0.67,medium
2025-05-13,1,5,0,0,0,0,Orthopedics,8,5,0.745,medium
2025-05-14,2,5,0,0,0,0,General,26,12,0.496,low
2025-05-14,2,5,0,0,0,0,ICU,7,4,0.6,medium
2025-05-14,2,5,0,0,0,0,Pediatrics,12,7,0.581,low
2025-05-14,2,5,0,0,0,0,Maternity,9,7,0.933,high
2025-05-14,2,5,0,0,0,0,Orthopedics,8,6,0.708,medium
2025-05-15,3,5,0,0,0,1,General,26,19,0.708,medium
2025-05-15,3,5,0,0,0,1,ICU,7,3,0.412,low
2025-05-15,3,5,0,0,0,1,Pediatrics,12,10,0.77,medium
2025-05-15,3,5,0,0,0,1,Maternity,9,5,0.58,low
2025-05-15,3,5,0,0,0,1,Orthopedics,8,3,0.368,low
2025-05-16,4,5,0,0,0,0,General,26,22,0.883,high
2025-05-16,4,5,0,0,0,0,ICU,7,4,0.56,low
2025-05-16,4,5,0,0,0,0,Pediatrics,12,8,0.641,medium
2025-05-16,4,5,0,0,0,0,Maternity,9,4,0.547,low
2025-05-16,4,5,0,0,0,0,Orthopedics,8,5,0.645,medium
2025-05-17,5,5,1,0,0,0,General,26,13,0.463,low
2025-05-17,5,5,1,0,0,0,ICU,7,4,0.491,low
2025-05-17,5,5,1,0,0,0,Pediatrics,12,8,0.605,medium
2025-05-17,5,5,1,0,0,0,Maternity,9,4,0.422,low
2025-05-17,5,5,1,0,0,0,Orthopedics,8,4,0.501,low
2025-05-18,6,5,1,0,0,0,General,26,11,0.486,low
2025-05-18,6,5,1,0,0,0,ICU,7,5,0.741,medium
2025-05-18,6,5,1,0,0,0,Pediatrics,12,7,0.703,medium
2025-05-18,6,5,1,0,0,0,Maternity,9,6,0.632,medium
2025-05-18,6,5,1,0,0,0,Orthopedics,8,5,0.644,medium
2025-05-19,0,5,0,0,0,0,General,26,19,0.646,medium
2025-05-19,0,5,0,0,0,0,ICU,7,4,0.531,low
2025-05-19,0,5,0,0,0,0,Pediatrics,12,9,0.804,medium
2025-05-19,0,5,0,0,0,0,Maternity,9,4,0.443,low
2025-05-19,0,5,0,0,0,0,Orthopedics,8,6,0.741,medium
2025-05-20,1,5,0,0,0,0,General,26,20,0.787,medium
2025-05-20,1,5,0,0,0,0,ICU,7,4,0.558,low
2025-05-20,1,5,0,0,0,0,Pediatrics,12,7,0.527,low
2025-05-20,1,5,0,0,0,0,Maternity,9,7,0.779,medium
2025-05-20,1,5,0,0,0,0,Orthopedics,8,5,0.604,medium
2025-05-21,2,5,0,0,0,0,General,26,17,0.706,medium
2025-05-21,2,5,0,0,0,0,ICU,7,4,0.504,low
2025-05-21,2,5,0,0,0,0,Pediatrics,12,9,0.74,medium
2025-05-21,2,5,0,0,0,0,Maternity,9,6,0.747,medium
2025-05-21,2,5,0,0,0,0,Orthopedics,8,5,0.639,medium
2025-05-22,3,5,0,0,0,0,General,26,15,0.566,low
2025-05-22,3,5,0,0,0,0,ICU,7,4,0.494,low
2025-05-22,3,5,0,0,0,0,Pediatrics,12,8,0.672,medium
2025-05-22,3,5,0,0,0,0,Maternity,9,6,0.719,medium
2025-05-22,3,5,0,0,0,0,Orthopedics,8,5,0.699,medium
2025-05-23,4,5,0,0,0,0,General,26,15,0.584,low
2025-05-23,4,5,0,0,0,0,ICU,7,4,0.518,low
2025-05-23,4,5,0,0,0,0,Pediatrics,12,9,0.866,high
2025-05-23,4,5,0,0,0,0,Maternity,9,6,0.692,medium
2025-05-23,4,5,0,0,0,0,Orthopedics,8,5,0.589,low
2025-05-24,5,5,1,0,0,0,General,26,10,0.349,low
2025-05-24,5,5,1,0,0,0,ICU,7,4,0.657,medium
2025-05-24,5,5,1,0,0,0,Pediatrics,12,6,0.483,low
2025-05-24,5,5,1,0,0,0,Maternity,9,5,0.499,low
2025-05-24,5,5,1,0,0,0,Orthopedics,8,3,0.378,low
2025-05-25,6,5,1,0,0,0,General,26,16,0.64,medium
2025-05-25,6,5,1,0,0,0,ICU,7,5,0.718,medium
2025-05-25,6,5,1,0,0,0,Pediatrics,12,6,0.51,low
2025-05-25,6,5,1,0,0,0,Maternity,9,4,0.447,low
2025-05-25,6,5,1,0,0,0,Orthopedics,8,3,0.379,low
2025-05-26,0,5,0,0,0,1,General,26,18,0.819,medium
2025-05-26,0,5,0,0,0,1,ICU,7,4,0.501,low
2025-05-26,0,5,0,0,0,1,Pediatrics,12,9,0.776,medium
2025-05-26,0,5,0,0,0,1,Maternity,9,5,0.526,low
2025-05-26,0,5,0,0,0,1,Orthopedics,8,3,0.416,low
2025-05-27,1,5,0,0,0,0,General,26,14,0.517,low
2025-05-27,1,5,0,0,0,0,ICU,7,4,0.568,low
2025-05-27,1,5,0,0,0,0,Pediatrics,12,9,0.716,medium
2025-05-27,1,5,0,0,0,0,Maternity,9,6,0.666,medium
2025-05-27,1,5,0,0,0,0,Orthopedics,8,5,0.63,medium
2025-05-28,2,5,0,0,0,0,General,26,19,0.773,medium
2025-05-28,2,5,0,0,0,0,ICU,7,4,0.594,low
2025-05-28,2,5,0,0,0,0,Pediatrics,12,6,0.503,low
2025-05-28,2,5,0,0,0,0,Maternity,9,6,0.703,medium
2025-05-28,2,5,0,0,0,0,Orthopedics,8,4,0.467,low
2025-05-29,3,5,0,0,0,0,General,26,16,0.642,medium
2025-05-29,3,5,0,0,0,0,ICU,7,5,0.694,medium
2025-05-29,3,5,0,0,0,0,Pediatrics,12,9,0.756,medium
2025-05-29,3,5,0,0,0,0,Maternity,9,6,0.656,medium
2025-05-29,3,5,0,0,0,0,Orthopedics,8,6,0.766,medium
2025-05-30,4,5,0,0,0,0,General,26,24,0.88,high
2025-05-30,4,5,0,0,0,0,ICU,7,4,0.545,low
2025-05-30,4,5,0,0,0,0,Pediatrics,12,7,0.583,low
2025-05-30,4,5,0,0,0,0,Maternity,9,6,0.813,medium
2025-05-30,4,5,0,0,0,0,Orthopedics,8,5,0.568,low
2025-05-31,5,5,1,0,0,0,General,26,14,0.435,low
2025-05-31,5,5,1,0,0,0,ICU,7,5,0.715,medium
2025-05-31,5,5,1,0,0,0,Pediatrics,12,7,0.632,medium
2025-05-31,5,5,1,0,0,0,Maternity,9,4,0.437,low
2025-05-31,5,5,1,0,0,0,Orthopedics,8,3,0.319,low
2025-06-01,6,6,1,0,0,1,General,26,16,0.552,low
2025-06-01,6,6,1,0,0,1,ICU,7,5,0.665,medium
2025-06-01,6,6,1,0,0,1,Pediatrics,12,7,0.673,medium
2025-06-01,6,6,1,0,0,1,Maternity,9,3,0.241,low
2025-06-01,6,6,1,0,0,1,Orthopedics,8,3,0.376,low
2025-06-02,0,6,0,0,0,0,General,26,19,0.708,medium
2025-06-02,0,6,0,0,0,0,ICU,7,4,0.59,low
2025-06-02,0,6,0,0,0,0,Pediatrics,12,9,0.652,medium
2025-06-02,0,6,0,0,0,0,Maternity,9,6,0.677,medium
2025-06-02,0,6,0,0,0,0,Orthopedics,8,4,0.587,low
2025-06-03,1,6,0,0,0,0,General,26,16,0.613,medium
2025-06-03,1,6,0,0,0,0,ICU,7,4,0.542,low
2025-06-03,1,6,0,0,0,0,Pediatrics,12,6,0.479,low
2025-06-03,1,6,0,0,0,0,Maternity,9,7,0.761,medium
2025-06-03,1,6,0,0,0,0,Orthopedics,8,4,0.546,low
2025-06-04,2,6,0,0,0,0,General,26,17,0.628,medium
2025-06-04,2,6,0,0,0,0,ICU,7,4,0.61,medium
2025-06-04,2,6,0,0,0,0,Pediatrics,12,11,0.958,high
2025-06-04,2,6,0,0,0,0,Maternity,9,7,0.752,medium
2025-06-04,2,6,0,0,0,0,Orthopedics,8,4,0.503,low
2025-06-05,3,6,0,0,0,0,General,26,18,0.638,medium
2025-06-05,3,6,0,0,0,0,ICU,7,4,0.591,low
2025-06-05,3,6,0,0,0,0,Pediatrics,12,8,0.692,medium
2025-06-05,3,6,0,0,0,0,Maternity,9,6,0.641,medium
2025-06-05,3,6,0,0,0,0,Orthopedics,8,5,0.565,low
2025-06-06,4,6,0,0,0,0,General,26,23,0.885,high
2025-06-06,4,6,0,0,0,0,ICU,7,4,0.525,low
2025-06-06,4,6,0,0,0,0,Pediatrics,12,12,0.946,high
2025-06-06,4,6,0,0,0,0,Maternity,9,6,0.687,medium
2025-06-06,4,6,0,0,0,0,Orthopedics,8,5,0.673,medium
2025-06-07,5,6,1,0,0,0,General,26,17,0.679,medium
2025-06-07,5,6,1,0,0,0,ICU,7,4,0.559,low
2025-06-07,5,6,1,0,0,0,Pediatrics,12,6,0.603,medium
2025-06-07,5,6,1,0,0,0,Maternity,9,4,0.505,low
2025-06-07,5,6,1,0,0,0,Orthopedics,8,4,0.542,low
2025-06-08,6,6,1,0,0,0,General,26,13,0.458,low
2025-06-08,6,6,1,0,0,0,ICU,7,5,0.747,medium
2025-06-08,6,6,1,0,0,0,Pediatrics,12,7,0.583,low
2025-06-08,6,6,1,0,0,0,Maternity,9,4,0.367,low
2025-06-08,6,6,1,0,0,0,Orthopedics,8,4,0.521,low
2025-06-09,0,6,0,0,0,0,General,26,15,0.55,low
2025-06-09,0,6,0,0,0,0,ICU,7,4,0.497,low
2025-06-09,0,6,0,0,0,0,Pediatrics,12,7,0.527,low
2025-06-09,0,6,0,0,0,0,Maternity,9,6,0.63,medium
2025-06-09,0,6,0,0,0,0,Orthopedics,8,4,0.601,medium
2025-06-10,1,6,0,0,0,0,General,26,21,0.769,medium
2025-06-10,1,6,0,0,0,0,ICU,7,4,0.592,low
2025-06-10,1,6,0,0,0,0,Pediatrics,12,9,0.709,medium
2025-06-10,1,6,0,0,0,0,Maternity,9,7,0.75,medium
2025-06-10,1,6,0,0,0,0,Orthopedics,8,4,0.536,low
2025-06-11,2,6,0,0,0,0,General,26,21,0.937,high
2025-06-11,2,6,0,0,0,0,ICU,7,3,0.464,low
2025-06-11,2,6,0,0,0,0,Pediatrics,12,8,0.706,medium
2025-06-11,2,6,0,0,0,0,Maternity,9,5,0.492,low
2025-06-11,2,6,0,0,0,0,Orthopedics,8,4,0.504,low
2025-06-12,3,6,0,0,0,0,General,26,16,0.648,medium
2025-06-12,3,6,0,0,0,0,ICU,7,5,0.744,medium
2025-06-12,3,6,0,0,0,0,Pediatrics,12,10,0.854,high
2025-06-12,3,6,0,0,0,0,Maternity,9,5,0.624,medium
2025-06-12,3,6,0,0,0,0,Orthopedics,8,5,0.671,medium
2025-06-13,4,6,0,0,0,0,General,26,22,0.869,high
2025-06-13,4,6,0,0,0,0,ICU,7,3,0.383,low
2025-06-13,4,6,0,0,0,0,Pediatrics,12,10,0.825,medium
2025-06-13,4,6,0,0,0,0,Maternity,9,6,0.705,medium
2025-06-13,4,6,0,0,0,0,Orthopedics,8,6,0.764,medium
2025-06-14,5,6,1,0,0,0,General,26,13,0.484,low
2025-06-14,5,6,1,0,0,0,ICU,7,5,0.742,medium
2025-06-14,5,6,1,0,0,0,Pediatrics,12,6,0.554,low
2025-06-14,5,6,1,0,0,0,Maternity,9,4,0.402,low
2025-06-14,5,6,1,0,0,0,Orthopedics,8,3,0.326,low
2025-06-15,6,6,1,0,0,1,General,26,14,0.6,medium
2025-06-15,6,6,1,0,0,1,ICU,7,4,0.581,low
2025-06-15,6,6,1,0,0,1,Pediatrics,12,6,0.487,low
2025-06-15,6,6,1,0,0,1,Maternity,9,2,0.211,low
2025-06-15,6,6,1,0,0,1,Orthopedics,8,3,0.402,low
2025-06-16,0,6,0,0,0,0,General,26,19,0.671,medium
2025-06-16,0,6,0,0,0,0,ICU,7,5,0.725,medium
2025-06-16,0,6,0,0,0,0,Pediatrics,12,8,0.666,medium
2025-06-16,0,6,0,0,0,0,Maternity,9,6,0.678,medium
2025-06-16,0,6,0,0,0,0,Orthopedics,8,5,0.538,low
2025-06-17,1,6,0,0,0,0,General,26,17,0.641,medium
2025-06-17,1,6,0,0,0,0,ICU,7,4,0.631,medium
2025-06-17,1,6,0,0,0,0,Pediatrics,12,7,0.558,low
2025-06-17,1,6,0,0,0,0,Maternity,9,6,0.627,medium
2025-06-17,1,6,0,0,0,0,Orthopedics,8,5,0.664,medium
2025-06-18,2,6,0,0,0,0,General,26,15,0.598,low
2025-06-18,2,6,0,0,0,0,ICU,7,3,0.401,low
2025-06-18,2,6,0,0,0,0,Pediatrics,12,8,0.75,medium
2025-06-18,2,6,0,0,0,0,Maternity,9,6,0.557,low
2025-06-18,2,6,0,0,0,0,Orthopedics,8,4,0.502,low
2025-06-19,3,6,0,0,0,0,General,26,20,0.788,medium
2025-06-19,3,6,0,0,0,0,ICU,7,4,0.63,medium
2025-06-19,3,6,0,0,0,0,Pediatrics,12,7,0.628,medium
2025-06-19,3,6,0,0,0,0,Maternity,9,5,0.51,low
2025-06-19,3,6,0,0,0,0,Orthopedics,8,4,0.486,low
2025-06-20,4,6,0,0,0,0,General,26,18,0.698,medium
2025-06-20,4,6,0,0,0,0,ICU,7,4,0.525,low
2025-06-20,4,6,0,0,0,0,Pediatrics,12,8,0.592,low
2025-06-20,4,6,0,0,0,0,Maternity,9,7,0.763,medium
2025-06-20,4,6,0,0,0,0,Orthopedics,8,5,0.704,medium
2025-06-21,5,6,1,0,0,0,General,26,11,0.367,low
2025-06-21,5,6,1,0,0,0,ICU,7,4,0.568,low
2025-06-21,5,6,1,0,0,0,Pediatrics,12,6,0.537,low
2025-06-21,5,6,1,0,0,0,Maternity,9,6,0.554,low
2025-06-21,5,6,1,0,0,0,Orthopedics,8,4,0.472,low
2025-06-22,6,6,1,0,0,0,General,26,12,0.431,low
2025-06-22,6,6,1,0,0,0,ICU,7,4,0.656,medium
2025-06-22,6,6,1,0,0,0,Pediatrics,12,7,0.584,low
2025-06-22,6,6,1,0,0,0,Maternity,9,5,0.48,low
2025-06-22,6,6,1,0,0,0,Orthopedics,8,3,0.266,low
2025-06-23,0,6,0,0,0,0,General,26,16,0.623,medium
2025-06-23,0,6,0,0,0,0,ICU,7,4,0.579,low
2025-06-23,0,6,0,0,0,0,Pediatrics,12,6,0.54,low
2025-06-23,0,6,0,0,0,0,Maternity,9,6,0.703,medium
2025-06-23,0,6,0,0,0,0,Orthopedics,8,4,0.516,low
2025-06-24,1,6,0,0,0,0,General,26,15,0.557,low
2025-06-24,1,6,0,0,0,0,ICU,7,4,0.576,low
2025-06-24,1,6,0,0,0,0,Pediatrics,12,7,0.584,low
2025-06-24,1,6,0,0,0,0,Maternity,9,5,0.613,medium
2025-06-24,1,6,0,0,0,0,Orthopedics,8,5,0.681,medium
2025-06-25,2,6,0,0,0,0,General,26,17,0.628,medium
2025-06-25,2,6,0,0,0,0,ICU,7,4,0.615,medium
2025-06-25,2,6,0,0,0,0,Pediatrics,12,7,0.616,medium
2025-06-25,2,6,0,0,0,0,Maternity,9,6,0.568,low
2025-06-25,2,6,0,0,0,0,Orthopedics,8,5,0.566,low
2025-06-26,3,6,0,0,0,1,General,26,20,0.71,medium
2025-06-26,3,6,0,0,0,1,ICU,7,5,0.71,medium
2025-06-26,3,6,0,0,0,1,Pediatrics,12,9,0.783,medium
2025-06-26,3,6,0,0,0,1,Maternity,9,5,0.555,low
2025-06-26,3,6,0,0,0,1,Orthopedics,8,3,0.286,low
2025-06-27,4,6,0,0,0,0,General,26,16,0.585,low
2025-06-27,4,6,0,0,0,0,ICU,7,4,0.554,low
2025-06-27,4,6,0,0,0,0,Pediatrics,12,9,0.719,medium
2025-06-27,4,6,0,0,0,0,Maternity,9,6,0.726,medium
2025-06-27,4,6,0,0,0,0,Orthopedics,8,5,0.622,medium
2025-06-28,5,6,1,0,0,0,General,26,12,0.43,low
2025-06-28,5,6,1,0,0,0,ICU,7,4,0.544,low
2025-06-28,5,6,1,0,0,0,Pediatrics,12,7,0.572,low
2025-06-28,5,6,1,0,0,0,Maternity,9,4,0.533,low
2025-06-28,5,6,1,0,0,0,Orthopedics,8,4,0.43,low
2025-06-29,6,6,1,0,0,0,General,26,13,0.506,low
2025-06-29,6,6,1,0,0,0,ICU,7,6,0.802,medium
2025-06-29,6,6,1,0,0,0,Pediatrics,12,7,0.653,medium
2025-06-29,6,6,1,0,0,0,Maternity,9,4,0.431,low
2025-06-29,6,6,1,0,0,0,Orthopedics,8,3,0.365,low
2025-06-30,0,6,0,0,0,0,General,26,18,0.725,medium
2025-06-30,0,6,0,0,0,0,ICU,7,5,0.677,medium
2025-06-30,0,6,0,0,0,0,Pediatrics,12,6,0.499,low
2025-06-30,0,6,0,0,0,0,Maternity,9,6,0.679,medium
2025-06-30,0,6,0,0,0,0,Orthopedics,8,5,0.631,medium
2025-07-01,1,7,0,0,1,1,General,26,30,1.0,high
2025-07-01,1,7,0,0,1,1,ICU,7,4,0.546,low
2025-07-01,1,7,0,0,1,1,Pediatrics,12,11,0.999,high
2025-07-01,1,7,0,0,1,1,Maternity,9,4,0.443,low
2025-07-01,1,7,0,0,1,1,Orthopedics,8,3,0.43,low
2025-07-02,2,7,0,0,1,0,General,26,29,1.0,high
2025-07-02,2,7,0,0,1,0,ICU,7,4,0.573,low
2025-07-02,2,7,0,0,1,0,Pediatrics,12,6,0.537,low
2025-07-02,2,7,0,0,1,0,Maternity,9,6,0.688,medium
2025-07-02,2,7,0,0,1,0,Orthopedics,8,4,0.481,low
2025-07-03,3,7,0,0,1,0,General,26,21,0.859,high
2025-07-03,3,7,0,0,1,0,ICU,7,4,0.676,medium
2025-07-03,3,7,0,0,1,0,Pediatrics,12,11,0.853,high
2025-07-03,3,7,0,0,1,0,Maternity,9,6,0.634,medium
2025-07-03,3,7,0,0,1,0,Orthopedics,8,3,0.455,low
2025-07-04,4,7,0,0,1,0,General,26,25,0.988,high
2025-07-04,4,7,0,0,1,0,ICU,7,4,0.502,low
2025-07-04,4,7,0,0,1,0,Pediatrics,12,9,0.792,medium
2025-07-04,4,7,0,0,1,0,Maternity,9,5,0.429,low
2025-07-04,4,7,0,0,1,0,Orthopedics,8,5,0.618,medium
2025-07-05,5,7,1,0,1,0,General,26,17,0.69,medium
2025-07-05,5,7,1,0,1,0,ICU,7,5,0.727,medium
2025-07-05,5,7,1,0,1,0,Pediatrics,12,9,0.674,medium
2025-07-05,5,7,1,0,1,0,Maternity,9,5,0.587,low
2025-07-05,5,7,1,0,1,0,Orthopedics,8,3,0.3,low
2025-07-06,6,7,1,0,1,0,General,26,15,0.544,low
2025-07-06,6,7,1,0,1,0,ICU,7,5,0.684,medium
2025-07-06,6,7,1,0,1,0,Pediatrics,12,7,0.553,low
2025-07-06,6,7,1,0,1,0,Maternity,9,5,0.556,low
2025-07-06,6,7,1,0,1,0,Orthopedics,8,4,0.494,low
2025-07-07,0,7,0,0,1,0,General,26,27,1.0,high
2025-07-07,0,7,0,0,1,0,ICU,7,5,0.725,medium
2025-07-07,0,7,0,0,1,0,Pediatrics,12,10,0.958,high
2025-07-07,0,7,0,0,1,0,Maternity,9,5,0.538,low
2025-07-07,0,7,0,0,1,0,Orthopedics,8,4,0.548,low
2025-07-08,1,7,0,0,1,0,General,26,28,1.0,high
2025-07-08,1,7,0,0,1,0,ICU,7,5,0.704,medium
2025-07-08,1,7,0,0,1,0,Pediatrics,12,9,0.666,medium
2025-07-08,1,7,0,0,1,0,Maternity,9,8,0.912,high
2025-07-08,1,7,0,0,1,0,Orthopedics,8,5,0.691,medium
2025-07-09,2,7,0,0,1,0,General,26,19,0.751,medium
2025-07-09,2,7,0,0,1,0,ICU,7,4,0.603,medium
2025-07-09,2,7,0,0,1,0,Pediatrics,12,10,0.761,medium
2025-07-09,2,7,0,0,1,0,Maternity,9,6,0.719,medium
2025-07-09,2,7,0,0,1,0,Orthopedics,8,5,0.664,medium
2025-07-10,3,7,0,0,1,0,General,26,19,0.729,medium
2025-07-10,3,7,0,0,1,0,ICU,7,4,0.609,medium
2025-07-10,3,7,0,0,1,0,Pediatrics,12,10,0.868,high
2025-07-10,3,7,0,0,1,0,Maternity,9,7,0.812,medium
2025-07-10,3,7,0,0,1,0,Orthopedics,8,5,0.575,low
2025-07-11,4,7,0,0,1,0,General,26,22,0.819,medium
2025-07-11,4,7,0,0,1,0,ICU,7,4,0.553,low
2025-07-11,4,7,0,0,1,0,Pediatrics,12,9,0.652,medium
2025-07-11,4,7,0,0,1,0,Maternity,9,5,0.565,low
2025-07-11,4,7,0,0,1,0,Orthopedics,8,4,0.501,low
2025-07-12,5,7,1,0,1,0,General,26,22,0.897,high
2025-07-12,5,7,1,0,1,0,ICU,7,6,0.877,high
2025-07-12,5,7,1,0,1,0,Pediatrics,12,9,0.714,medium
2025-07-12,5,7,1,0,1,0,Maternity,9,4,0.307,low
2025-07-12,5,7,1,0,1,0,Orthopedics,8,4,0.577,low
2025-07-13,6,7,1,0,1,0,General,26,15,0.564,low
2025-07-13,6,7,1,0,1,0,ICU,7,4,0.591,low
2025-07-13,6,7,1,0,1,0,Pediatrics,12,9,0.663,medium
2025-07-13,6,7,1,0,1,0,Maternity,9,5,0.542,low
2025-07-13,6,7,1,0,1,0,Orthopedics,8,4,0.523,low
2025-07-14,0,7,0,0,1,0,General,26,22,0.841,medium
2025-07-14,0,7,0,0,1,0,ICU,7,4,0.62,medium
2025-07-14,0,7,0,0,1,0,Pediatrics,12,11,0.928,high
2025-07-14,0,7,0,0,1,0,Maternity,9,5,0.537,low
2025-07-14,0,7,0,0,1,0,Orthopedics,8,6,0.752,medium
2025-07-15,1,7,0,0,1,1,General,26,27,1.0,high
2025-07-15,1,7,0,0,1,1,ICU,7,5,0.719,medium
2025-07-15,1,7,0,0,1,1,Pediatrics,12,10,0.706,medium
2025-07-15,1,7,0,0,1,1,Maternity,9,4,0.428,low
2025-07-15,1,7,0,0,1,1,Orthopedics,8,4,0.492,low
2025-07-16,2,7,0,0,1,0,General,26,21,0.719,medium
2025-07-16,2,7,0,0,1,0,ICU,7,3,0.452,low
2025-07-16,2,7,0,0,1,0,Pediatrics,12,13,1.0,high
2025-07-16,2,7,0,0,1,0,Maternity,9,6,0.714,medium
2025-07-16,2,7,0,0,1,0,Orthopedics,8,4,0.518,low
2025-07-17,3,7,0,0,1,0,General,26,20,0.812,medium
2025-07-17,3,7,0,0,1,0,ICU,7,4,0.586,low
2025-07-17,3,7,0,0,1,0,Pediatrics,12,9,0.785,medium
2025-07-17,3,7,0,0,1,0,Maternity,9,8,0.838,medium
2025-07-17,3,7,0,0,1,0,Orthopedics,8,5,0.637,medium
2025-07-18,4,7,0,0,1,0,General,26,25,0.934,high
2025-07-18,4,7,0,0,1,0,ICU,7,2,0.354,low
2025-07-18,4,7,0,0,1,0,Pediatrics,12,11,0.83,medium
2025-07-18,4,7,0,0,1,0,Maternity,9,5,0.634,medium
2025-07-18,4,7,0,0,1,0,Orthopedics,8,6,0.797,medium
2025-07-19,5,7,1,0,1,0,General,26,16,0.62,medium
2025-07-19,5,7,1,0,1,0,ICU,7,5,0.771,medium
2025-07-19,5,7,1,0,1,0,Pediatrics,12,7,0.543,low
2025-07-19,5,7,1,0,1,0,Maternity,9,5,0.553,low
2025-07-19,5,7,1,0,1,0,Orthopedics,8,5,0.591,low
2025-07-20,6,7,1,0,1,0,General,26,17,0.608,medium
2025-07-20,6,7,1,0,1,0,ICU,7,5,0.64,medium
2025-07-20,6,7,1,0,1,0,Pediatrics,12,7,0.512,low
2025-07-20,6,7,1,0,1,0,Maternity,9,5,0.591,low
2025-07-20,6,7,1,0,1,0,Orthopedics,8,3,0.442,low
2025-07-21,0,7,0,0,1,0,General,26,31,1.0,high
2025-07-21,0,7,0,0,1,0,ICU,7,4,0.713,medium
2025-07-21,0,7,0,0,1,0,Pediatrics,12,8,0.668,medium
2025-07-21,0,7,0,0,1,0,Maternity,9,6,0.734,medium
2025-07-21,0,7,0,0,1,0,Orthopedics,8,5,0.6,medium
2025-07-22,1,7,0,0,1,0,General,26,19,0.714,medium
2025-07-22,1,7,0,0,1,0,ICU,7,3,0.431,low
2025-07-22,1,7,0,0,1,0,Pediatrics,12,9,0.675,medium
2025-07-22,1,7,0,0,1,0,Maternity,9,7,0.753,medium
2025-07-22,1,7,0,0,1,0,Orthopedics,8,4,0.492,low
2025-07-23,2,7,0,0,1,0,General,26,23,0.797,medium
2025-07-23,2,7,0,0,1,0,ICU,7,4,0.519,low
2025-07-23,2,7,0,0,1,0,Pediatrics,12,13,1.0,high
2025-07-23,2,7,0,0,1,0,Maternity,9,6,0.629,medium
2025-07-23,2,7,0,0,1,0,Orthopedics,8,5,0.656,medium
2025-07-24,3,7,0,0,1,0,General,26,22,0.835,medium
2025-07-24,3,7,0,0,1,0,ICU,7,4,0.541,low
2025-07-24,3,7,0,0,1,0,Pediatrics,12,9,0.646,medium
2025-07-24,3,7,0,0,1,0,Maternity,9,7,0.793,medium
2025-07-24,3,7,0,0,1,0,Orthopedics,8,4,0.595,low
2025-07-25,4,7,0,0,1,0,General,26,23,0.833,medium
2025-07-25,4,7,0,0,1,0,ICU,7,5,0.734,medium
2025-07-25,4,7,0,0,1,0,Pediatrics,12,11,0.895,high
2025-07-25,4,7,0,0,1,0,Maternity,9,6,0.654,medium
2025-07-25,4,7,0,0,1,0,Orthopedics,8,5,0.53,low
2025-07-26,5,7,1,0,1,1,General,26,17,0.74,medium
2025-07-26,5,7,1,0,1,1,ICU,7,4,0.541,low
2025-07-26,5,7,1,0,1,1,Pediatrics,12,8,0.606,medium
2025-07-26,5,7,1,0,1,1,Maternity,9,2,0.211,low
2025-07-26,5,7,1,0,1,1,Orthopedics,8,3,0.372,low
2025-07-27,6,7,1,0,1,0,General,26,17,0.656,medium
2025-07-27,6,7,1,0,1,0,ICU,7,5,0.705,medium
2025-07-27,6,7,1,0,1,0,Pediatrics,12,7,0.569,low
2025-07-27,6,7,1,0,1,0,Maternity,9,5,0.626,medium
2025-07-27,6,7,1,0,1,0,Orthopedics,8,3,0.38,low
2025-07-28,0,7,0,0,1,0,General,26,24,0.873,high
2025-07-28,0,7,0,0,1,0,ICU,7,4,0.498,low
2025-07-28,0,7,0,0,1,0,Pediatrics,12,7,0.602,medium
2025-07-28,0,7,0,0,1,0,Maternity,9,6,0.677,medium
2025-07-28,0,7,0,0,1,0,Orthopedics,8,5,0.576,low
2025-07-29,1,7,0,0,1,0,General,26,22,0.784,medium
2025-07-29,1,7,0,0,1,0,ICU,7,5,0.646,medium
2025-07-29,1,7,0,0,1,0,Pediatrics,12,10,0.781,medium
2025-07-29,1,7,0,0,1,0,Maternity,9,7,0.761,medium
2025-07-29,1,7,0,0,1,0,Orthopedics,8,5,0.668,medium
2025-07-30,2,7,0,0,1,0,General,26,23,0.91,high
2025-07-30,2,7,0,0,1,0,ICU,7,3,0.358,low
2025-07-30,2,7,0,0,1,0,Pediatrics,12,10,0.817,medium
2025-07-30,2,7,0,0,1,0,Maternity,9,7,0.774,medium
2025-07-30,2,7,0,0,1,0,Orthopedics,8,5,0.544,low
2025-07-31,3,7,0,0,1,0,General,26,29,1.0,high
2025-07-31,3,7,0,0,1,0,ICU,7,4,0.53,low
2025-07-31,3,7,0,0,1,0,Pediatrics,12,10,0.768,medium
2025-07-31,3,7,0,0,1,0,Maternity,9,6,0.649,medium
2025-07-31,3,7,0,0,1,0,Orthopedics,8,5,0.66,medium
2025-08-01,4,8,0,0,1,1,General,26,20,0.735,medium
2025-08-01,4,8,0,0,1,1,ICU,7,5,0.819,medium
2025-08-01,4,8,0,0,1,1,Pediatrics,12,11,0.946,high
2025-08-01,4,8,0,0,1,1,Maternity,9,4,0.542,low
2025-08-01,4,8,0,0,1,1,Orthopedics,8,3,0.38,low
2025-08-02,5,8,1,0,1,0,General,26,13,0.375,low
2025-08-02,5,8,1,0,1,0,ICU,7,5,0.721,medium
2025-08-02,5,8,1,0,1,0,Pediatrics,12,7,0.578,low
2025-08-02,5,8,1,0,1,0,Maternity,9,7,0.765,medium
2025-08-02,5,8,1,0,1,0,Orthopedics,8,4,0.468,low
2025-08-03,6,8,1,0,1,0,General,26,18,0.68,medium
2025-08-03,6,8,1,0,1,0,ICU,7,4,0.662,medium
2025-08-03,6,8,1,0,1,0,Pediatrics,12,9,0.757,medium
2025-08-03,6,8,1,0,1,0,Maternity,9,3,0.315,low
2025-08-03,6,8,1,0,1,0,Orthopedics,8,5,0.613,medium
2025-08-04,0,8,0,0,1,0,General,26,26,1.0,high
2025-08-04,0,8,0,0,1,0,ICU,7,4,0.529,low
2025-08-04,0,8,0,0,1,0,Pediatrics,12,6,0.534,low
2025-08-04,0,8,0,0,1,0,Maternity,9,5,0.564,low
2025-08-04,0,8,0,0,1,0,Orthopedics,8,4,0.487,low
2025-08-05,1,8,0,0,1,0,General,26,23,0.898,high
2025-08-05,1,8,0,0,1,0,ICU,7,3,0.488,low
2025-08-05,1,8,0,0,1,0,Pediatrics,12,9,0.666,medium
2025-08-05,1,8,0,0,1,0,Maternity,9,6,0.668,medium
2025-08-05,1,8,0,0,1,0,Orthopedics,8,5,0.693,medium
2025-08-06,2,8,0,0,1,0,General,26,22,0.84,medium
2025-08-06,2,8,0,0,1,0,ICU,7,3,0.47,low
2025-08-06,2,8,0,0,1,0,Pediatrics,12,10,0.812,medium
2025-08-06,2,8,0,0,1,0,Maternity,9,4,0.517,low
2025-08-06,2,8,0,0,1,0,Orthopedics,8,4,0.47,low
2025-08-07,3,8,0,0,1,0,General,26,24,0.863,high
2025-08-07,3,8,0,0,1,0,ICU,7,3,0.322,low
2025-08-07,3,8,0,0,1,0,Pediatrics,12,11,0.889,high
2025-08-07,3,8,0,0,1,0,Maternity,9,9,0.95,high
2025-08-07,3,8,0,0,1,0,Orthopedics,8,4,0.472,low
2025-08-08,4,8,0,0,1,0,General,26,23,0.861,high
2025-08-08,4,8,0,0,1,0,ICU,7,4,0.522,low
2025-08-08,4,8,0,0,1,0,Pediatrics,12,8,0.577,low
2025-08-08,4,8,0,0,1,0,Maternity,9,4,0.419,low
2025-08-08,4,8,0,0,1,0,Orthopedics,8,5,0.593,low
2025-08-09,5,8,1,0,1,0,General,26,20,0.831,medium
2025-08-09,5,8,1,0,1,0,ICU,7,4,0.482,low
2025-08-09,5,8,1,0,1,0,Pediatrics,12,7,0.553,low
2025-08-09,5,8,1,0,1,0,Maternity,9,4,0.41,low
2025-08-09,5,8,1,0,1,0,Orthopedics,8,3,0.356,low
2025-08-10,6,8,1,0,1,0,General,26,15,0.587,low
2025-08-10,6,8,1,0,1,0,ICU,7,5,0.669,medium
2025-08-10,6,8,1,0,1,0,Pediatrics,12,9,0.701,medium
2025-08-10,6,8,1,0,1,0,Maternity,9,3,0.352,low
2025-08-10,6,8,1,0,1,0,Orthopedics,8,3,0.391,low
2025-08-11,0,8,0,0,1,0,General,26,14,0.608,medium
2025-08-11,0,8,0,0,1,0,ICU,7,4,0.496,low
2025-08-11,0,8,0,0,1,0,Pediatrics,12,8,0.75,medium
2025-08-11,0,8,0,0,1,0,Maternity,9,5,0.514,low
2025-08-11,0,8,0,0,1,0,Orthopedics,8,3,0.357,low
2025-08-12,1,8,0,0,1,0,General,26,22,0.882,high
2025-08-12,1,8,0,0,1,0,ICU,7,3,0.353,low
2025-08-12,1,8,0,0,1,0,Pediatrics,12,11,0.967,high
2025-08-12,1,8,0,0,1,0,Maternity,9,5,0.61,medium
2025-08-12,1,8,0,0,1,0,Orthopedics,8,5,0.68,medium
2025-08-13,2,8,0,0,1,0,General,26,22,0.72,medium
2025-08-13,2,8,0,0,1,0,ICU,7,4,0.624,medium
2025-08-13,2,8,0,0,1,0,Pediatrics,12,9,0.731,medium
2025-08-13,2,8,0,0,1,0,Maternity,9,6,0.522,low
2025-08-13,2,8,0,0,1,0,Orthopedics,8,6,0.705,medium
2025-08-14,3,8,0,0,1,0,General,26,24,0.919,high
2025-08-14,3,8,0,0,1,0,ICU,7,5,0.735,medium
2025-08-14,3,8,0,0,1,0,Pediatrics,12,10,0.789,medium
2025-08-14,3,8,0,0,1,0,Maternity,9,7,0.684,medium
2025-08-14,3,8,0,0,1,0,Orthopedics,8,5,0.57,low
2025-08-15,4,8,0,0,1,1,General,26,29,1.0,high
2025-08-15,4,8,0,0,1,1,ICU,7,5,0.718,medium
2025-08-15,4,8,0,0,1,1,Pediatrics,12,8,0.624,medium
2025-08-15,4,8,0,0,1,1,Maternity,9,5,0.564,low
2025-08-15,4,8,0,0,1,1,Orthopedics,8,4,0.52,low
2025-08-16,5,8,1,0,1,0,General,26,14,0.499,low
2025-08-16,5,8,1,0,1,0,ICU,7,5,0.599,low
2025-08-16,5,8,1,0,1,0,Pediatrics,12,9,0.772,medium
2025-08-16,5,8,1,0,1,0,Maternity,9,5,0.477,low
2025-08-16,5,8,1,0,1,0,Orthopedics,8,4,0.612,medium
2025-08-17,6,8,1,0,1,0,General,26,14,0.577,low
2025-08-17,6,8,1,0,1,0,ICU,7,5,0.637,medium
2025-08-17,6,8,1,0,1,0,Pediatrics,12,8,0.708,medium
2025-08-17,6,8,1,0,1,0,Maternity,9,4,0.503,low
2025-08-17,6,8,1,0,1,0,Orthopedics,8,3,0.3,low
2025-08-18,0,8,0,0,1,0,General,26,23,0.886,high
2025-08-18,0,8,0,0,1,0,ICU,7,4,0.612,medium
2025-08-18,0,8,0,0,1,0,Pediatrics,12,11,0.96,high
2025-08-18,0,8,0,0,1,0,Maternity,9,6,0.697,medium
2025-08-18,0,8,0,0,1,0,Orthopedics,8,5,0.728,medium
2025-08-19,1,8,0,0,1,0,General,26,20,0.874,high
2025-08-19,1,8,0,0,1,0,ICU,7,4,0.503,low
2025-08-19,1,8,0,0,1,0,Pediatrics,12,12,1.0,high
2025-08-19,1,8,0,0,1,0,Maternity,9,7,0.839,medium
2025-08-19,1,8,0,0,1,0,Orthopedics,8,5,0.595,low
2025-08-20,2,8,0,0,1,0,General,26,26,1.0,high
2025-08-20,2,8,0,0,1,0,ICU,7,4,0.464,low
2025-08-20,2,8,0,0,1,0,Pediatrics,12,11,0.885,high
2025-08-20,2,8,0,0,1,0,Maternity,9,7,0.809,medium
2025-08-20,2,8,0,0,1,0,Orthopedics,8,5,0.649,medium
2025-08-21,3,8,0,0,1,0,General,26,19,0.812,medium
2025-08-21,3,8,0,0,1,0,ICU,7,5,0.734,medium
2025-08-21,3,8,0,0,1,0,Pediatrics,12,12,0.972,high
2025-08-21,3,8,0,0,1,0,Maternity,9,5,0.558,low
2025-08-21,3,8,0,0,1,0,Orthopedics,8,5,0.605,medium
2025-08-22,4,8,0,0,1,0,General,26,24,0.938,high
2025-08-22,4,8,0,0,1,0,ICU,7,3,0.455,low
2025-08-22,4,8,0,0,1,0,Pediatrics,12,11,0.925,high
2025-08-22,4,8,0,0,1,0,Maternity,9,7,0.717,medium
2025-08-22,4,8,0,0,1,0,Orthopedics,8,5,0.566,low
2025-08-23,5,8,1,0,1,0,General,26,14,0.507,low
2025-08-23,5,8,1,0,1,0,ICU,7,4,0.544,low
2025-08-23,5,8,1,0,1,0,Pediatrics,12,7,0.625,medium
2025-08-23,5,8,1,0,1,0,Maternity,9,4,0.365,low
2025-08-23,5,8,1,0,1,0,Orthopedics,8,4,0.458,low
2025-08-24,6,8,1,0,1,0,General,26,17,0.676,medium
2025-08-24,6,8,1,0,1,0,ICU,7,5,0.769,medium
2025-08-24,6,8,1,0,1,0,Pediatrics,12,8,0.624,medium
2025-08-24,6,8,1,0,1,0,Maternity,9,6,0.676,medium
2025-08-24,6,8,1,0,1,0,Orthopedics,8,4,0.548,low
2025-08-25,0,8,0,0,1,0,General,26,23,0.905,high
2025-08-25,0,8,0,0,1,0,ICU,7,5,0.701,medium
2025-08-25,0,8,0,0,1,0,Pediatrics,12,10,0.839,medium
2025-08-25,0,8,0,0,1,0,Maternity,9,7,0.702,medium
2025-08-25,0,8,0,0,1,0,Orthopedics,8,4,0.471,low
2025-08-26,1,8,0,0,1,1,General,26,19,0.71,medium
2025-08-26,1,8,0,0,1,1,ICU,7,5,0.67,medium
2025-08-26,1,8,0,0,1,1,Pediatrics,12,9,0.753,medium
2025-08-26,1,8,0,0,1,1,Maternity,9,5,0.471,low
2025-08-26,1,8,0,0,1,1,Orthopedics,8,4,0.541,low
2025-08-27,2,8,0,0,1,0,General,26,26,1.0,high
2025-08-27,2,8,0,0,1,0,ICU,7,5,0.696,medium
2025-08-27,2,8,0,0,1,0,Pediatrics,12,10,0.813,medium
2025-08-27,2,8,0,0,1,0,Maternity,9,6,0.743,medium
2025-08-27,2,8,0,0,1,0,Orthopedics,8,4,0.457,low
2025-08-28,3,8,0,0,1,0,General,26,27,1.0,high
2025-08-28,3,8,0,0,1,0,ICU,7,4,0.614,medium
2025-08-28,3,8,0,0,1,0,Pediatrics,12,11,0.992,high
2025-08-28,3,8,0,0,1,0,Maternity,9,6,0.718,medium
2025-08-28,3,8,0,0,1,0,Orthopedics,8,7,0.905,high
2025-08-29,4,8,0,0,1,0,General,26,23,0.921,high
2025-08-29,4,8,0,0,1,0,ICU,7,4,0.691,medium
2025-08-29,4,8,0,0,1,0,Pediatrics,12,10,0.82,medium
2025-08-29,4,8,0,0,1,0,Maternity,9,5,0.61,medium
2025-08-29,4,8,0,0,1,0,Orthopedics,8,6,0.725,medium
2025-08-30,5,8,1,0,1,0,General,26,18,0.617,medium
2025-08-30,5,8,1,0,1,0,ICU,7,5,0.737,medium
2025-08-30,5,8,1,0,1,0,Pediatrics,12,9,0.711,medium
2025-08-30,5,8,1,0,1,0,Maternity,9,4,0.4,low
2025-08-30,5,8,1,0,1,0,Orthopedics,8,3,0.442,low
2025-08-31,6,8,1,0,1,0,General,26,21,0.824,medium
2025-08-31,6,8,1,0,1,0,ICU,7,5,0.721,medium
2025-08-31,6,8,1,0,1,0,Pediatrics,12,7,0.567,low
2025-08-31,6,8,1,0,1,0,Maternity,9,4,0.367,low
2025-08-31,6,8,1,0,1,0,Orthopedics,8,4,0.498,low
2025-09-01,0,9,0,0,1,1,General,26,28,1.0,high
2025-09-01,0,9,0,0,1,1,ICU,7,4,0.528,low
2025-09-01,0,9,0,0,1,1,Pediatrics,12,11,0.954,high
2025-09-01,0,9,0,0,1,1,Maternity,9,3,0.338,low
2025-09-01,0,9,0,0,1,1,Orthopedics,8,4,0.464,low
2025-09-02,1,9,0,0,1,0,General,26,21,0.819,medium
2025-09-02,1,9,0,0,1,0,ICU,7,3,0.446,low
2025-09-02,1,9,0,0,1,0,Pediatrics,12,9,0.803,medium
2025-09-02,1,9,0,0,1,0,Maternity,9,8,0.846,medium
2025-09-02,1,9,0,0,1,0,Orthopedics,8,5,0.589,low
2025-09-03,2,9,0,0,1,0,General,26,26,0.937,high
2025-09-03,2,9,0,0,1,0,ICU,7,4,0.528,low
2025-09-03,2,9,0,0,1,0,Pediatrics,12,10,0.782,medium
2025-09-03,2,9,0,0,1,0,Maternity,9,7,0.736,medium
2025-09-03,2,9,0,0,1,0,Orthopedics,8,5,0.608,medium
2025-09-04,3,9,0,0,1,0,General,26,22,0.854,high
2025-09-04,3,9,0,0,1,0,ICU,7,4,0.582,low
2025-09-04,3,9,0,0,1,0,Pediatrics,12,12,0.961,high
2025-09-04,3,9,0,0,1,0,Maternity,9,7,0.853,high
2025-09-04,3,9,0,0,1,0,Orthopedics,8,4,0.427,low
2025-09-05,4,9,0,0,1,0,General,26,24,0.896,high
2025-09-05,4,9,0,0,1,0,ICU,7,5,0.716,medium
2025-09-05,4,9,0,0,1,0,Pediatrics,12,9,0.693,medium
2025-09-05,4,9,0,0,1,0,Maternity,9,7,0.749,medium
2025-09-05,4,9,0,0,1,0,Orthopedics,8,5,0.673,medium
2025-09-06,5,9,1,0,1,0,General,26,16,0.613,medium
2025-09-06,5,9,1,0,1,0,ICU,7,5,0.748,medium
2025-09-06,5,9,1,0,1,0,Pediatrics,12,8,0.656,medium
2025-09-06,5,9,1,0,1,0,Maternity,9,5,0.537,low
2025-09-06,5,9,1,0,1,0,Orthopedics,8,3,0.388,low
2025-09-07,6,9,1,0,1,0,General,26,22,0.802,medium
2025-09-07,6,9,1,0,1,0,ICU,7,4,0.528,low
2025-09-07,6,9,1,0,1,0,Pediatrics,12,8,0.689,medium
2025-09-07,6,9,1,0,1,0,Maternity,9,4,0.399,low
2025-09-07,6,9,1,0,1,0,Orthopedics,8,4,0.422,low
2025-09-08,0,9,0,0,1,0,General,26,23,0.928,high
2025-09-08,0,9,0,0,1,0,ICU,7,3,0.352,low
2025-09-08,0,9,0,0,1,0,Pediatrics,12,12,0.969,high
2025-09-08,0,9,0,0,1,0,Maternity,9,7,0.77,medium
2025-09-08,0,9,0,0,1,0,Orthopedics,8,5,0.647,medium
2025-09-09,1,9,0,0,1,0,General,26,20,0.776,medium
2025-09-09,1,9,0,0,1,0,ICU,7,4,0.505,low
2025-09-09,1,9,0,0,1,0,Pediatrics,12,11,0.904,high
2025-09-09,1,9,0,0,1,0,Maternity,9,6,0.606,medium
2025-09-09,1,9,0,0,1,0,Orthopedics,8,6,0.794,medium
2025-09-10,2,9,0,0,1,0,General,26,26,0.985,high
2025-09-10,2,9,0,0,1,0,ICU,7,3,0.526,low
2025-09-10,2,9,0,0,1,0,Pediatrics,12,10,0.796,medium
2025-09-10,2,9,0,0,1,0,Maternity,9,6,0.725,medium
2025-09-10,2,9,0,0,1,0,Orthopedics,8,5,0.689,medium
2025-09-11,3,9,0,0,1,0,General,26,26,0.946,high
2025-09-11,3,9,0,0,1,0,ICU,7,4,0.619,medium
2025-09-11,3,9,0,0,1,0,Pediatrics,12,6,0.493,low
2025-09-11,3,9,0,0,1,0,Maternity,9,5,0.532,low
2025-09-11,3,9,0,0,1,0,Orthopedics,8,5,0.607,medium
2025-09-12,4,9,0,0,1,0,General,26,21,0.753,medium
2025-09-12,4,9,0,0,1,0,ICU,7,5,0.808,medium
2025-09-12,4,9,0,0,1,0,Pediatrics,12,8,0.746,medium
2025-09-12,4,9,0,0,1,0,Maternity,9,6,0.673,medium
2025-09-12,4,9,0,0,1,0,Orthopedics,8,5,0.592,low
2025-09-13,5,9,1,0,1,0,General,26,19,0.737,medium
2025-09-13,5,9,1,0,1,0,ICU,7,4,0.506,low
2025-09-13,5,9,1,0,1,0,Pediatrics,12,6,0.418,low
2025-09-13,5,9,1,0,1,0,Maternity,9,5,0.496,low
2025-09-13,5,9,1,0,1,0,Orthopedics,8,4,0.569,low
2025-09-14,6,9,1,0,1,0,General,26,20,0.768,medium
2025-09-14,6,9,1,0,1,0,ICU,7,5,0.808,medium
2025-09-14,6,9,1,0,1,0,Pediatrics,12,8,0.65,medium
2025-09-14,6,9,1,0,1,0,Maternity,9,4,0.464,low
2025-09-14,6,9,1,0,1,0,Orthopedics,8,4,0.468,low
2025-09-15,0,9,0,0,1,1,General,26,26,0.982,high
2025-09-15,0,9,0,0,1,1,ICU,7,4,0.447,low
2025-09-15,0,9,0,0,1,1,Pediatrics,12,11,0.965,high
2025-09-15,0,9,0,0,1,1,Maternity,9,4,0.447,low
2025-09-15,0,9,0,0,1,1,Orthopedics,8,3,0.393,low
2025-09-16,1,9,0,0,1,0,General,26,22,0.799,medium
2025-09-16,1,9,0,0,1,0,ICU,7,5,0.761,medium
2025-09-16,1,9,0,0,1,0,Pediatrics,12,9,0.775,medium
2025-09-16,1,9,0,0,1,0,Maternity,9,6,0.699,medium
2025-09-16,1,9,0,0,1,0,Orthopedics,8,4,0.55,low
2025-09-17,2,9,0,0,1,0,General,26,21,0.79,medium
2025-09-17,2,9,0,0,1,0,ICU,7,6,0.872,high
2025-09-17,2,9,0,0,1,0,Pediatrics,12,9,0.64,medium
2025-09-17,2,9,0,0,1,0,Maternity,9,7,0.711,medium
2025-09-17,2,9,0,0,1,0,Orthopedics,8,4,0.483,low
2025-09-18,3,9,0,0,1,0,General,26,27,1.0,high
2025-09-18,3,9,0,0,1,0,ICU,7,4,0.587,low
2025-09-18,3,9,0,0,1,0,Pediatrics,12,9,0.757,medium
2025-09-18,3,9,0,0,1,0,Maternity,9,6,0.715,medium
2025-09-18,3,9,0,0,1,0,Orthopedics,8,6,0.775,medium
2025-09-19,4,9,0,0,1,0,General,26,21,0.845,medium
2025-09-19,4,9,0,0,1,0,ICU,7,4,0.517,low
2025-09-19,4,9,0,0,1,0,Pediatrics,12,9,0.754,medium
2025-09-19,4,9,0,0,1,0,Maternity,9,7,0.769,medium
2025-09-19,4,9,0,0,1,0,Orthopedics,8,4,0.503,low
2025-09-20,5,9,1,0,1,0,General,26,17,0.663,medium
2025-09-20,5,9,1,0,1,0,ICU,7,5,0.765,medium
2025-09-20,5,9,1,0,1,0,Pediatrics,12,7,0.553,low
2025-09-20,5,9,1,0,1,0,Maternity,9,4,0.479,low
2025-09-20,5,9,1,0,1,0,Orthopedics,8,5,0.609,medium
2025-09-21,6,9,1,0,1,0,General,26,16,0.689,medium
2025-09-21,6,9,1,0,1,0,ICU,7,5,0.736,medium
2025-09-21,6,9,1,0,1,0,Pediatrics,12,6,0.534,low
2025-09-21,6,9,1,0,1,0,Maternity,9,4,0.388,low
2025-09-21,6,9,1,0,1,0,Orthopedics,8,4,0.471,low
2025-09-22,0,9,0,0,1,0,General,26,22,0.774,medium
2025-09-22,0,9,0,0,1,0,ICU,7,5,0.771,medium
2025-09-22,0,9,0,0,1,0,Pediatrics,12,7,0.632,medium
2025-09-22,0,9,0,0,1,0,Maternity,9,5,0.598,low
2025-09-22,0,9,0,0,1,0,Orthopedics,8,5,0.626,medium
2025-09-23,1,9,0,0,1,0,General,26,22,0.907,high
2025-09-23,1,9,0,0,1,0,ICU,7,3,0.459,low
2025-09-23,1,9,0,0,1,0,Pediatrics,12,12,1.0,high
2025-09-23,1,9,0,0,1,0,Maternity,9,8,0.862,high
2025-09-23,1,9,0,0,1,0,Orthopedics,8,6,0.745,medium
2025-09-24,2,9,0,0,1,0,General,26,27,1.0,high
2025-09-24,2,9,0,0,1,0,ICU,7,4,0.637,medium
2025-09-24,2,9,0,0,1,0,Pediatrics,12,9,0.679,medium
2025-09-24,2,9,0,0,1,0,Maternity,9,6,0.698,medium
2025-09-24,2,9,0,0,1,0,Orthopedics,8,6,0.756,medium
2025-09-25,3,9,0,0,1,0,General,26,27,0.971,high
2025-09-25,3,9,0,0,1,0,ICU,7,4,0.557,low
2025-09-25,3,9,0,0,1,0,Pediatrics,12,10,0.838,medium
2025-09-25,3,9,0,0,1,0,Maternity,9,7,0.756,medium
2025-09-25,3,9,0,0,1,0,Orthopedics,8,5,0.623,medium
2025-09-26,4,9,0,0,1,1,General,26,21,0.802,medium
2025-09-26,4,9,0,0,1,1,ICU,7,4,0.563,low
2025-09-26,4,9,0,0,1,1,Pediatrics,12,11,0.92,high
2025-09-26,4,9,0,0,1,1,Maternity,9,4,0.508,low
2025-09-26,4,9,0,0,1,1,Orthopedics,8,3,0.339,low
2025-09-27,5,9,1,0,1,0,General,26,24,0.871,high
2025-09-27,5,9,1,0,1,0,ICU,7,4,0.608,medium
2025-09-27,5,9,1,0,1,0,Pediatrics,12,5,0.405,low
2025-09-27,5,9,1,0,1,0,Maternity,9,6,0.589,low
2025-09-27,5,9,1,0,1,0,Orthopedics,8,3,0.3,low
2025-09-28,6,9,1,0,1,0,General,26,19,0.787,medium
2025-09-28,6,9,1,0,1,0,ICU,7,4,0.606,medium
2025-09-28,6,9,1,0,1,0,Pediatrics,12,9,0.839,medium
2025-09-28,6,9,1,0,1,0,Maternity,9,4,0.329,low
2025-09-28,6,9,1,0,1,0,Orthopedics,8,3,0.354,low
2025-09-29,0,9,0,0,1,0,General,26,22,0.837,medium
2025-09-29,0,9,0,0,1,0,ICU,7,5,0.778,medium
2025-09-29,0,9,0,0,1,0,Pediatrics,12,10,0.888,high
2025-09-29,0,9,0,0,1,0,Maternity,9,6,0.67,medium
2025-09-29,0,9,0,0,1,0,Orthopedics,8,6,0.754,medium
2025-09-30,1,9,0,0,1,0,General,26,29,1.0,high
2025-09-30,1,9,0,0,1,0,ICU,7,4,0.565,low
2025-09-30,1,9,0,0,1,0,Pediatrics,12,11,0.98,high
2025-09-30,1,9,0,0,1,0,Maternity,9,6,0.596,low
2025-09-30,1,9,0,0,1,0,Orthopedics,8,6,0.788,medium
2025-10-01,2,10,0,0,0,1,General,26,14,0.538,low
2025-10-01,2,10,0,0,0,1,ICU,7,3,0.395,low
2025-10-01,2,10,0,0,0,1,Pediatrics,12,8,0.707,medium
2025-10-01,2,10,0,0,0,1,Maternity,9,4,0.38,low
2025-10-01,2,10,0,0,0,1,Orthopedics,8,4,0.428,low
2025-10-02,3,10,0,0,0,0,General,26,19,0.69,medium
2025-10-02,3,10,0,0,0,0,ICU,7,4,0.597,low
2025-10-02,3,10,0,0,0,0,Pediatrics,12,9,0.817,medium
2025-10-02,3,10,0,0,0,0,Maternity,9,6,0.682,medium
2025-10-02,3,10,0,0,0,0,Orthopedics,8,5,0.634,medium
2025-10-03,4,10,0,0,0,0,General,26,19,0.726,medium
2025-10-03,4,10,0,0,0,0,ICU,7,3,0.445,low
2025-10-03,4,10,0,0,0,0,Pediatrics,12,8,0.633,medium
2025-10-03,4,10,0,0,0,0,Maternity,9,5,0.629,medium
2025-10-03,4,10,0,0,0,0,Orthopedics,8,5,0.614,medium
2025-10-04,5,10,1,0,0,0,General,26,11,0.382,low
2025-10-04,5,10,1,0,0,0,ICU,7,5,0.721,medium
2025-10-04,5,10,1,0,0,0,Pediatrics,12,6,0.525,low
2025-10-04,5,10,1,0,0,0,Maternity,9,4,0.519,low
2025-10-04,5,10,1,0,0,0,Orthopedics,8,5,0.602,medium
2025-10-05,6,10,1,0,0,0,General,26,12,0.331,low
2025-10-05,6,10,1,0,0,0,ICU,7,4,0.504,low
2025-10-05,6,10,1,0,0,0,Pediatrics,12,6,0.484,low
2025-10-05,6,10,1,0,0,0,Maternity,9,4,0.43,low
2025-10-05,6,10,1,0,0,0,Orthopedics,8,4,0.526,low
2025-10-06,0,10,0,0,0,0,General,26,13,0.494,low
2025-10-06,0,10,0,0,0,0,ICU,7,3,0.474,low
2025-10-06,0,10,0,0,0,0,Pediatrics,12,9,0.705,medium
2025-10-06,0,10,0,0,0,0,Maternity,9,5,0.532,low
2025-10-06,0,10,0,0,0,0,Orthopedics,8,3,0.392,low
2025-10-07,1,10,0,0,0,0,General,26,17,0.702,medium
2025-10-07,1,10,0,0,0,0,ICU,7,3,0.398,low
2025-10-07,1,10,0,0,0,0,Pediatrics,12,6,0.45,low
2025-10-07,1,10,0,0,0,0,Maternity,9,5,0.605,medium
2025-10-07,1,10,0,0,0,0,Orthopedics,8,4,0.506,low
2025-10-08,2,10,0,0,0,0,General,26,17,0.59,low
2025-10-08,2,10,0,0,0,0,ICU,7,4,0.601,medium
2025-10-08,2,10,0,0,0,0,Pediatrics,12,7,0.624,medium
2025-10-08,2,10,0,0,0,0,Maternity,9,5,0.531,low
2025-10-08,2,10,0,0,0,0,Orthopedics,8,5,0.592,low
2025-10-09,3,10,0,0,0,0,General,26,18,0.677,medium
2025-10-09,3,10,0,0,0,0,ICU,7,4,0.452,low
2025-10-09,3,10,0,0,0,0,Pediatrics,12,6,0.531,low
2025-10-09,3,10,0,0,0,0,Maternity,9,7,0.732,medium
2025-10-09,3,10,0,0,0,0,Orthopedics,8,5,0.64,medium
2025-10-10,4,10,0,0,0,0,General,26,20,0.668,medium
2025-10-10,4,10,0,0,0,0,ICU,7,3,0.412,low
2025-10-10,4,10,0,0,0,0,Pediatrics,12,9,0.875,high
2025-10-10,4,10,0,0,0,0,Maternity,9,6,0.596,low
2025-10-10,4,10,0,0,0,0,Orthopedics,8,5,0.691,medium
2025-10-11,5,10,1,0,0,0,General,26,14,0.493,low
2025-10-11,5,10,1,0,0,0,ICU,7,5,0.747,medium
2025-10-11,5,10,1,0,0,0,Pediatrics,12,5,0.436,low
2025-10-11,5,10,1,0,0,0,Maternity,9,5,0.615,medium
2025-10-11,5,10,1,0,0,0,Orthopedics,8,4,0.482,low
2025-10-12,6,10,1,0,0,0,General,26,16,0.555,low
2025-10-12,6,10,1,0,0,0,ICU,7,5,0.646,medium
2025-10-12,6,10,1,0,0,0,Pediatrics,12,7,0.57,low
2025-10-12,6,10,1,0,0,0,Maternity,9,5,0.58,low
2025-10-12,6,10,1,0,0,0,Orthopedics,8,3,0.446,low
2025-10-13,0,10,0,0,0,0,General,26,22,0.89,high
2025-10-13,0,10,0,0,0,0,ICU,7,4,0.556,low
2025-10-13,0,10,0,0,0,0,Pediatrics,12,8,0.631,medium
2025-10-13,0,10,0,0,0,0,Maternity,9,8,0.896,high
2025-10-13,0,10,0,0,0,0,Orthopedics,8,3,0.392,low
2025-10-14,1,10,0,0,0,0,General,26,17,0.65,medium
2025-10-14,1,10,0,0,0,0,ICU,7,4,0.612,medium
2025-10-14,1,10,0,0,0,0,Pediatrics,12,9,0.764,medium
2025-10-14,1,10,0,0,0,0,Maternity,9,6,0.665,medium
2025-10-14,1,10,0,0,0,0,Orthopedics,8,5,0.585,low
2025-10-15,2,10,0,0,0,1,General,26,22,0.869,high
2025-10-15,2,10,0,0,0,1,ICU,7,5,0.777,medium
2025-10-15,2,10,0,0,0,1,Pediatrics,12,8,0.708,medium
2025-10-15,2,10,0,0,0,1,Maternity,9,4,0.479,low
2025-10-15,2,10,0,0,0,1,Orthopedics,8,3,0.324,low
2025-10-16,3,10,0,0,0,0,General,26,19,0.597,low
2025-10-16,3,10,0,0,0,0,ICU,7,3,0.42,low
2025-10-16,3,10,0,0,0,0,Pediatrics,12,8,0.648,medium
2025-10-16,3,10,0,0,0,0,Maternity,9,5,0.515,low
2025-10-16,3,10,0,0,0,0,Orthopedics,8,5,0.654,medium
2025-10-17,4,10,0,0,0,0,General,26,18,0.75,medium
2025-10-17,4,10,0,0,0,0,ICU,7,4,0.534,low
2025-10-17,4,10,0,0,0,0,Pediatrics,12,8,0.597,low
2025-10-17,4,10,0,0,0,0,Maternity,9,6,0.722,medium
2025-10-17,4,10,0,0,0,0,Orthopedics,8,6,0.82,medium
2025-10-18,5,10,1,0,0,0,General,26,13,0.567,low
2025-10-18,5,10,1,0,0,0,ICU,7,4,0.645,medium
2025-10-18,5,10,1,0,0,0,Pediatrics,12,6,0.535,low
2025-10-18,5,10,1,0,0,0,Maternity,9,5,0.546,low
2025-10-18,5,10,1,0,0,0,Orthopedics,8,4,0.564,low
2025-10-19,6,10,1,0,0,0,General,26,13,0.434,low
2025-10-19,6,10,1,0,0,0,ICU,7,6,0.834,medium
2025-10-19,6,10,1,0,0,0,Pediatrics,12,6,0.558,low
2025-10-19,6,10,1,0,0,0,Maternity,9,4,0.394,low
2025-10-19,6,10,1,0,0,0,Orthopedics,8,4,0.41,low
2025-10-20,0,10,0,0,0,0,General,26,17,0.666,medium
2025-10-20,0,10,0,0,0,0,ICU,7,4,0.494,low
2025-10-20,0,10,0,0,0,0,Pediatrics,12,10,0.839,medium
2025-10-20,0,10,0,0,0,0,Maternity,9,7,0.765,medium
2025-10-20,0,10,0,0,0,0,Orthopedics,8,4,0.513,low
2025-10-21,1,10,0,0,0,0,General,26,17,0.595,low
2025-10-21,1,10,0,0,0,0,ICU,7,5,0.683,medium
2025-10-21,1,10,0,0,0,0,Pediatrics,12,6,0.566,low
2025-10-21,1,10,0,0,0,0,Maternity,9,6,0.636,medium
2025-10-21,1,10,0,0,0,0,Orthopedics,8,4,0.587,low
2025-10-22,2,10,0,0,0,0,General,26,15,0.58,low
2025-10-22,2,10,0,0,0,0,ICU,7,5,0.735,medium
2025-10-22,2,10,0,0,0,0,Pediatrics,12,8,0.582,low
2025-10-22,2,10,0,0,0,0,Maternity,9,5,0.565,low
2025-10-22,2,10,0,0,0,0,Orthopedics,8,4,0.51,low
2025-10-23,3,10,0,0,0,0,General,26,20,0.817,medium
2025-10-23,3,10,0,0,0,0,ICU,7,3,0.538,low
2025-10-23,3,10,0,0,0,0,Pediatrics,12,9,0.75,medium
2025-10-23,3,10,0,0,0,0,Maternity,9,7,0.896,high
2025-10-23,3,10,0,0,0,0,Orthopedics,8,4,0.489,low
2025-10-24,4,10,0,0,0,0,General,26,12,0.471,low
2025-10-24,4,10,0,0,0,0,ICU,7,4,0.569,low
2025-10-24,4,10,0,0,0,0,Pediatrics,12,7,0.481,low
2025-10-24,4,10,0,0,0,0,Maternity,9,6,0.739,medium
2025-10-24,4,10,0,0,0,0,Orthopedics,8,5,0.647,medium
2025-10-25,5,10,1,0,0,0,General,26,10,0.407,low
2025-10-25,5,10,1,0,0,0,ICU,7,4,0.533,low
2025-10-25,5,10,1,0,0,0,Pediatrics,12,5,0.397,low
2025-10-25,5,10,1,0,0,0,Maternity,9,5,0.49,low
2025-10-25,5,10,1,0,0,0,Orthopedics,8,4,0.498,low
2025-10-26,6,10,1,0,0,1,General,26,12,0.551,low
2025-10-26,6,10,1,0,0,1,ICU,7,4,0.538,low
2025-10-26,6,10,1,0,0,1,Pediatrics,12,6,0.59,low
2025-10-26,6,10,1,0,0,1,Maternity,9,3,0.287,low
2025-10-26,6,10,1,0,0,1,Orthopedics,8,3,0.385,low
2025-10-27,0,10,0,0,0,0,General,26,19,0.714,medium
2025-10-27,0,10,0,0,0,0,ICU,7,4,0.588,low
2025-10-27,0,10,0,0,0,0,Pediatrics,12,7,0.674,medium
2025-10-27,0,10,0,0,0,0,Maternity,9,5,0.632,medium
2025-10-27,0,10,0,0,0,0,Orthopedics,8,5,0.64,medium
2025-10-28,1,10,0,0,0,0,General,26,20,0.738,medium
2025-10-28,1,10,0,0,0,0,ICU,7,5,0.579,low
2025-10-28,1,10,0,0,0,0,Pediatrics,12,7,0.537,low
2025-10-28,1,10,0,0,0,0,Maternity,9,5,0.545,low
2025-10-28,1,10,0,0,0,0,Orthopedics,8,5,0.66,medium
2025-10-29,2,10,0,0,0,0,General,26,19,0.697,medium
2025-10-29,2,10,0,0,0,0,ICU,7,4,0.578,low
2025-10-29,2,10,0,0,0,0,Pediatrics,12,9,0.789,medium
2025-10-29,2,10,0,0,0,0,Maternity,9,6,0.622,medium
2025-10-29,2,10,0,0,0,0,Orthopedics,8,5,0.598,low
2025-10-30,3,10,0,0,0,0,General,26,17,0.667,medium
2025-10-30,3,10,0,0,0,0,ICU,7,4,0.569,low
2025-10-30,3,10,0,0,0,0,Pediatrics,12,8,0.674,medium
2025-10-30,3,10,0,0,0,0,Maternity,9,6,0.62,medium
2025-10-30,3,10,0,0,0,0,Orthopedics,8,4,0.465,low
2025-10-31,4,10,0,0,0,0,General,26,19,0.696,medium
2025-10-31,4,10,0,0,0,0,ICU,7,4,0.595,low
2025-10-31,4,10,0,0,0,0,Pediatrics,12,9,0.696,medium
2025-10-31,4,10,0,0,0,0,Maternity,9,7,0.834,medium
2025-10-31,4,10,0,0,0,0,Orthopedics,8,4,0.459,low
2025-11-01,5,11,1,0,0,1,General,26,18,0.685,medium
2025-11-01,5,11,1,0,0,1,ICU,7,3,0.359,low
2025-11-01,5,11,1,0,0,1,Pediatrics,12,6,0.442,low
2025-11-01,5,11,1,0,0,1,Maternity,9,3,0.335,low
2025-11-01,5,11,1,0,0,1,Orthopedics,8,3,0.36,low
2025-11-02,6,11,1,0,0,0,General,26,16,0.687,medium
2025-11-02,6,11,1,0,0,0,ICU,7,6,0.871,high
2025-11-02,6,11,1,0,0,0,Pediatrics,12,4,0.356,low
2025-11-02,6,11,1,0,0,0,Maternity,9,5,0.552,low
2025-11-02,6,11,1,0,0,0,Orthopedics,8,5,0.668,medium
2025-11-03,0,11,0,0,0,0,General,26,20,0.824,medium
2025-11-03,0,11,0,0,0,0,ICU,7,4,0.447,low
2025-11-03,0,11,0,0,0,0,Pediatrics,12,7,0.643,medium
2025-11-03,0,11,0,0,0,0,Maternity,9,5,0.544,low
2025-11-03,0,11,0,0,0,0,Orthopedics,8,4,0.589,low
2025-11-04,1,11,0,0,0,0,General,26,23,0.84,medium
2025-11-04,1,11,0,0,0,0,ICU,7,4,0.537,low
2025-11-04,1,11,0,0,0,0,Pediatrics,12,9,0.775,medium
2025-11-04,1,11,0,0,0,0,Maternity,9,7,0.794,medium
2025-11-04,1,11,0,0,0,0,Orthopedics,8,7,0.824,medium
2025-11-05,2,11,0,0,0,0,General,26,13,0.48,low
2025-11-05,2,11,0,0,0,0,ICU,7,3,0.354,low
2025-11-05,2,11,0,0,0,0,Pediatrics,12,7,0.537,low
2025-11-05,2,11,0,0,0,0,Maternity,9,5,0.581,low
2025-11-05,2,11,0,0,0,0,Orthopedics,8,5,0.616,medium
2025-11-06,3,11,0,0,0,0,General,26,20,0.731,medium
2025-11-06,3,11,0,0,0,0,ICU,7,4,0.59,low
2025-11-06,3,11,0,0,0,0,Pediatrics,12,6,0.381,low
2025-11-06,3,11,0,0,0,0,Maternity,9,6,0.691,medium
2025-11-06,3,11,0,0,0,0,Orthopedics,8,7,0.883,high
2025-11-07,4,11,0,0,0,0,General,26,20,0.759,medium
2025-11-07,4,11,0,0,0,0,ICU,7,4,0.655,medium
2025-11-07,4,11,0,0,0,0,Pediatrics,12,5,0.437,low
2025-11-07,4,11,0,0,0,0,Maternity,9,8,0.903,high
2025-11-07,4,11,0,0,0,0,Orthopedics,8,6,0.719,medium
2025-11-08,5,11,1,0,0,0,General,26,13,0.502,low
2025-11-08,5,11,1,0,0,0,ICU,7,3,0.37,low
2025-11-08,5,11,1,0,0,0,Pediatrics,12,5,0.458,low
2025-11-08,5,11,1,0,0,0,Maternity,9,5,0.572,low
2025-11-08,5,11,1,0,0,0,Orthopedics,8,4,0.492,low
2025-11-09,6,11,1,0,0,0,General,26,16,0.616,medium
2025-11-09,6,11,1,0,0,0,ICU,7,5,0.701,medium
2025-11-09,6,11,1,0,0,0,Pediatrics,12,7,0.562,low
2025-11-09,6,11,1,0,0,0,Maternity,9,5,0.499,low
2025-11-09,6,11,1,0,0,0,Orthopedics,8,3,0.409,low
2025-11-10,0,11,0,0,0,0,General,26,18,0.67,medium
2025-11-10,0,11,0,0,0,0,ICU,7,5,0.684,medium
2025-11-10,0,11,0,0,0,0,Pediatrics,12,8,0.737,medium
2025-11-10,0,11,0,0,0,0,Maternity,9,7,0.856,high
2025-11-10,0,11,0,0,0,0,Orthopedics,8,5,0.687,medium
2025-11-11,1,11,0,0,0,0,General,26,15,0.532,low
2025-11-11,1,11,0,0,0,0,ICU,7,3,0.512,low
2025-11-11,1,11,0,0,0,0,Pediatrics,12,7,0.577,low
2025-11-11,1,11,0,0,0,0,Maternity,9,5,0.59,low
2025-11-11,1,11,0,0,0,0,Orthopedics,8,5,0.56,low
2025-11-12,2,11,0,0,0,0,General,26,19,0.659,medium
2025-11-12,2,11,0,0,0,0,ICU,7,3,0.323,low
2025-11-12,2,11,0,0,0,0,Pediatrics,12,6,0.509,low
2025-11-12,2,11,0,0,0,0,Maternity,9,4,0.37,low
2025-11-12,2,11,0,0,0,0,Orthopedics,8,5,0.598,low
2025-11-13,3,11,0,0,0,0,General,26,23,0.976,high
2025-11-13,3,11,0,0,0,0,ICU,7,3,0.456,low
2025-11-13,3,11,0,0,0,0,Pediatrics,12,9,0.72,medium
2025-11-13,3,11,0,0,0,0,Maternity,9,5,0.555,low
2025-11-13,3,11,0,0,0,0,Orthopedics,8,5,0.603,medium
2025-11-14,4,11,0,0,0,0,General,26,19,0.693,medium
2025-11-14,4,11,0,0,0,0,ICU,7,3,0.434,low
2025-11-14,4,11,0,0,0,0,Pediatrics,12,8,0.608,medium
2025-11-14,4,11,0,0,0,0,Maternity,9,7,0.689,medium
2025-11-14,4,11,0,0,0,0,Orthopedics,8,5,0.612,medium
2025-11-15,5,11,1,0,0,1,General,26,13,0.472,low
2025-11-15,5,11,1,0,0,1,ICU,7,6,0.815,medium
2025-11-15,5,11,1,0,0,1,Pediatrics,12,9,0.772,medium
2025-11-15,5,11,1,0,0,1,Maternity,9,3,0.357,low
2025-11-15,5,11,1,0,0,1,Orthopedics,8,4,0.45,low
2025-11-16,6,11,1,0,0,0,General,26,11,0.385,low
2025-11-16,6,11,1,0,0,0,ICU,7,5,0.628,medium
2025-11-16,6,11,1,0,0,0,Pediatrics,12,6,0.585,low
2025-11-16,6,11,1,0,0,0,Maternity,9,5,0.541,low
2025-11-16,6,11,1,0,0,0,Orthopedics,8,3,0.42,low
2025-11-17,0,11,0,0,0,0,General,26,16,0.708,medium
2025-11-17,0,11,0,0,0,0,ICU,7,5,0.727,medium
2025-11-17,0,11,0,0,0,0,Pediatrics,12,8,0.718,medium
2025-11-17,0,11,0,0,0,0,Maternity,9,7,0.737,medium
2025-11-17,0,11,0,0,0,0,Orthopedics,8,5,0.559,low
2025-11-18,1,11,0,0,0,0,General,26,19,0.764,medium
2025-11-18,1,11,0,0,0,0,ICU,7,3,0.406,low
2025-11-18,1,11,0,0,0,0,Pediatrics,12,6,0.455,low
2025-11-18,1,11,0,0,0,0,Maternity,9,6,0.63,medium
2025-11-18,1,11,0,0,0,0,Orthopedics,8,5,0.544,low
2025-11-19,2,11,0,0,0,0,General,26,19,0.729,medium
2025-11-19,2,11,0,0,0,0,ICU,7,4,0.562,low
2025-11-19,2,11,0,0,0,0,Pediatrics,12,8,0.626,medium
2025-11-19,2,11,0,0,0,0,Maternity,9,5,0.646,medium
2025-11-19,2,11,0,0,0,0,Orthopedics,8,5,0.62,medium
2025-11-20,3,11,0,0,0,0,General,26,21,0.984,high
2025-11-20,3,11,0,0,0,0,ICU,7,3,0.451,low
2025-11-20,3,11,0,0,0,0,Pediatrics,12,7,0.556,low
2025-11-20,3,11,0,0,0,0,Maternity,9,5,0.499,low
2025-11-20,3,11,0,0,0,0,Orthopedics,8,5,0.551,low
2025-11-21,4,11,0,0,0,0,General,26,21,0.81,medium
2025-11-21,4,11,0,0,0,0,ICU,7,4,0.548,low
2025-11-21,4,11,0,0,0,0,Pediatrics,12,8,0.681,medium
2025-11-21,4,11,0,0,0,0,Maternity,9,5,0.538,low
2025-11-21,4,11,0,0,0,0,Orthopedics,8,4,0.455,low
2025-11-22,5,11,1,0,0,0,General,26,9,0.413,low
2025-11-22,5,11,1,0,0,0,ICU,7,4,0.63,medium
2025-11-22,5,11,1,0,0,0,Pediatrics,12,7,0.519,low
2025-11-22,5,11,1,0,0,0,Maternity,9,4,0.572,low
2025-11-22,5,11,1,0,0,0,Orthopedics,8,5,0.623,medium
2025-11-23,6,11,1,0,0,0,General,26,14,0.507,low
2025-11-23,6,11,1,0,0,0,ICU,7,5,0.678,medium
2025-11-23,6,11,1,0,0,0,Pediatrics,12,4,0.267,low
2025-11-23,6,11,1,0,0,0,Maternity,9,5,0.499,low
2025-11-23,6,11,1,0,0,0,Orthopedics,8,4,0.446,low
2025-11-24,0,11,0,0,0,0,General,26,16,0.658,medium
2025-11-24,0,11,0,0,0,0,ICU,7,4,0.571,low
2025-11-24,0,11,0,0,0,0,Pediatrics,12,9,0.774,medium
2025-11-24,0,11,0,0,0,0,Maternity,9,7,0.755,medium
2025-11-24,0,11,0,0,0,0,Orthopedics,8,5,0.56,low
2025-11-25,1,11,0,0,0,0,General,26,17,0.702,medium
2025-11-25,1,11,0,0,0,0,ICU,7,5,0.762,medium
2025-11-25,1,11,0,0,0,0,Pediatrics,12,6,0.554,low
2025-11-25,1,11,0,0,0,0,Maternity,9,4,0.489,low
2025-11-25,1,11,0,0,0,0,Orthopedics,8,5,0.66,medium
2025-11-26,2,11,0,0,0,1,General,26,16,0.674,medium
2025-11-26,2,11,0,0,0,1,ICU,7,3,0.395,low
2025-11-26,2,11,0,0,0,1,Pediatrics,12,7,0.496,low
2025-11-26,2,11,0,0,0,1,Maternity,9,4,0.535,low
2025-11-26,2,11,0,0,0,1,Orthopedics,8,5,0.63,medium
2025-11-27,3,11,0,0,0,0,General,26,21,0.819,medium
2025-11-27,3,11,0,0,0,0,ICU,7,4,0.554,low
2025-11-27,3,11,0,0,0,0,Pediatrics,12,8,0.694,medium
2025-11-27,3,11,0,0,0,0,Maternity,9,5,0.552,low
2025-11-27,3,11,0,0,0,0,Orthopedics,8,5,0.666,medium
2025-11-28,4,11,0,0,0,0,General,26,15,0.574,low
2025-11-28,4,11,0,0,0,0,ICU,7,5,0.772,medium
2025-11-28,4,11,0,0,0,0,Pediatrics,12,10,0.835,medium
2025-11-28,4,11,0,0,0,0,Maternity,9,6,0.717,medium
2025-11-28,4,11,0,0,0,0,Orthopedics,8,6,0.652,medium
2025-11-29,5,11,1,0,0,0,General,26,11,0.489,low
2025-11-29,5,11,1,0,0,0,ICU,7,4,0.538,low
2025-11-29,5,11,1,0,0,0,Pediatrics,12,5,0.389,low
2025-11-29,5,11,1,0,0,0,Maternity,9,4,0.549,low
2025-11-29,5,11,1,0,0,0,Orthopedics,8,4,0.497,low
2025-11-30,6,11,1,0,0,0,General,26,15,0.625,medium
2025-11-30,6,11,1,0,0,0,ICU,7,5,0.768,medium
2025-11-30,6,11,1,0,0,0,Pediatrics,12,5,0.402,low
2025-11-30,6,11,1,0,0,0,Maternity,9,5,0.529,low
2025-11-30,6,11,1,0,0,0,Orthopedics,8,4,0.52,low
2025-12-01,0,12,0,1,0,1,General,26,33,1.0,high
2025-12-01,0,12,0,1,0,1,ICU,7,6,0.845,medium
2025-12-01,0,12,0,1,0,1,Pediatrics,12,16,1.0,high
2025-12-01,0,12,0,1,0,1,Maternity,9,6,0.734,medium
2025-12-01,0,12,0,1,0,1,Orthopedics,8,5,0.697,medium
2025-12-02,1,12,0,1,0,0,General,26,28,1.0,high
2025-12-02,1,12,0,1,0,0,ICU,7,6,0.894,high
2025-12-02,1,12,0,1,0,0,Pediatrics,12,13,1.0,high
2025-12-02,1,12,0,1,0,0,Maternity,9,7,0.735,medium
2025-12-02,1,12,0,1,0,0,Orthopedics,8,7,0.878,high
2025-12-03,2,12,0,1,0,0,General,26,35,1.0,high
2025-12-03,2,12,0,1,0,0,ICU,7,5,0.716,medium
2025-12-03,2,12,0,1,0,0,Pediatrics,12,15,1.0,high
2025-12-03,2,12,0,1,0,0,Maternity,9,7,0.721,medium
2025-12-03,2,12,0,1,0,0,Orthopedics,8,5,0.641,medium
2025-12-04,3,12,0,1,0,0,General,26,21,0.781,medium
2025-12-04,3,12,0,1,0,0,ICU,7,6,0.808,medium
2025-12-04,3,12,0,1,0,0,Pediatrics,12,16,1.0,high
2025-12-04,3,12,0,1,0,0,Maternity,9,5,0.509,low
2025-12-04,3,12,0,1,0,0,Orthopedics,8,4,0.461,low
2025-12-05,4,12,0,1,0,0,General,26,30,1.0,high
2025-12-05,4,12,0,1,0,0,ICU,7,6,0.781,medium
2025-12-05,4,12,0,1,0,0,Pediatrics,12,15,1.0,high
2025-12-05,4,12,0,1,0,0,Maternity,9,7,0.773,medium
2025-12-05,4,12,0,1,0,0,Orthopedics,8,5,0.567,low
2025-12-06,5,12,1,1,0,0,General,26,23,0.905,high
2025-12-06,5,12,1,1,0,0,ICU,7,7,1.0,high
2025-12-06,5,12,1,1,0,0,Pediatrics,12,10,0.747,medium
2025-12-06,5,12,1,1,0,0,Maternity,9,5,0.554,low
2025-12-06,5,12,1,1,0,0,Orthopedics,8,6,0.784,medium
2025-12-07,6,12,1,1,0,0,General,26,25,0.991,high
2025-12-07,6,12,1,1,0,0,ICU,7,5,0.72,medium
2025-12-07,6,12,1,1,0,0,Pediatrics,12,10,0.786,medium
2025-12-07,6,12,1,1,0,0,Maternity,9,5,0.545,low
2025-12-07,6,12,1,1,0,0,Orthopedics,8,6,0.646,medium
2025-12-08,0,12,0,1,0,0,General,26,32,1.0,high
2025-12-08,0,12,0,1,0,0,ICU,7,4,0.63,medium
2025-12-08,0,12,0,1,0,0,Pediatrics,12,15,1.0,high
2025-12-08,0,12,0,1,0,0,Maternity,9,7,0.881,high
2025-12-08,0,12,0,1,0,0,Orthopedics,8,7,0.867,high
2025-12-09,1,12,0,1,0,0,General,26,28,1.0,high
2025-12-09,1,12,0,1,0,0,ICU,7,5,0.682,medium
2025-12-09,1,12,0,1,0,0,Pediatrics,12,13,0.978,high
2025-12-09,1,12,0,1,0,0,Maternity,9,7,0.683,medium
2025-12-09,1,12,0,1,0,0,Orthopedics,8,6,0.793,medium
2025-12-10,2,12,0,1,0,0,General,26,25,1.0,high
2025-12-10,2,12,0,1,0,0,ICU,7,4,0.631,medium
2025-12-10,2,12,0,1,0,0,Pediatrics,12,15,1.0,high
2025-12-10,2,12,0,1,0,0,Maternity,9,9,0.997,high
2025-12-10,2,12,0,1,0,0,Orthopedics,8,5,0.555,low
2025-12-11,3,12,0,1,0,0,General,26,26,0.994,high
2025-12-11,3,12,0,1,0,0,ICU,7,5,0.699,medium
2025-12-11,3,12,0,1,0,0,Pediatrics,12,14,1.0,high
2025-12-11,3,12,0,1,0,0,Maternity,9,5,0.548,low
2025-12-11,3,12,0,1,0,0,Orthopedics,8,4,0.518,low
2025-12-12,4,12,0,1,0,0,General,26,23,0.893,high
2025-12-12,4,12,0,1,0,0,ICU,7,6,0.81,medium
2025-12-12,4,12,0,1,0,0,Pediatrics,12,15,1.0,high
2025-12-12,4,12,0,1,0,0,Maternity,9,8,0.871,high
2025-12-12,4,12,0,1,0,0,Orthopedics,8,5,0.659,medium
2025-12-13,5,12,1,1,0,0,General,26,19,0.689,medium
2025-12-13,5,12,1,1,0,0,ICU,7,6,0.855,high
2025-12-13,5,12,1,1,0,0,Pediatrics,12,12,0.903,high
2025-12-13,5,12,1,1,0,0,Maternity,9,5,0.587,low
2025-12-13,5,12,1,1,0,0,Orthopedics,8,5,0.69,medium
2025-12-14,6,12,1,1,0,0,General,26,20,0.76,medium
2025-12-14,6,12,1,1,0,0,ICU,7,7,1.0,high
2025-12-14,6,12,1,1,0,0,Pediatrics,12,9,0.776,medium
2025-12-14,6,12,1,1,0,0,Maternity,9,4,0.414,low
2025-12-14,6,12,1,1,0,0,Orthopedics,8,4,0.568,low
2025-12-15,0,12,0,1,0,1,General,26,15,0.597,low
2025-12-15,0,12,0,1,0,1,ICU,7,6,0.773,medium
2025-12-15,0,12,0,1,0,1,Pediatrics,12,15,1.0,high
2025-12-15,0,12,0,1,0,1,Maternity,9,5,0.423,low
2025-12-15,0,12,0,1,0,1,Orthopedics,8,5,0.588,low
2025-12-16,1,12,0,1,0,0,General,26,30,1.0,high
2025-12-16,1,12,0,1,0,0,ICU,7,5,0.747,medium
2025-12-16,1,12,0,1,0,0,Pediatrics,12,12,0.896,high
2025-12-16,1,12,0,1,0,0,Maternity,9,8,0.85,high
2025-12-16,1,12,0,1,0,0,Orthopedics,8,5,0.605,medium
2025-12-17,2,12,0,1,0,0,General,26,28,1.0,high
2025-12-17,2,12,0,1,0,0,ICU,7,6,0.79,medium
2025-12-17,2,12,0,1,0,0,Pediatrics,12,12,0.994,high
2025-12-17,2,12,0,1,0,0,Maternity,9,8,0.883,high
2025-12-17,2,12,0,1,0,0,Orthopedics,8,7,0.877,high
2025-12-18,3,12,0,1,0,0,General,26,25,0.949,high
2025-12-18,3,12,0,1,0,0,ICU,7,5,0.744,medium
2025-12-18,3,12,0,1,0,0,Pediatrics,12,16,1.0,high
2025-12-18,3,12,0,1,0,0,Maternity,9,8,0.841,medium
2025-12-18,3,12,0,1,0,0,Orthopedics,8,6,0.714,medium
2025-12-19,4,12,0,1,0,0,General,26,28,1.0,high
2025-12-19,4,12,0,1,0,0,ICU,7,6,0.811,medium
2025-12-19,4,12,0,1,0,0,Pediatrics,12,13,1.0,high
2025-12-19,4,12,0,1,0,0,Maternity,9,5,0.662,medium
2025-12-19,4,12,0,1,0,0,Orthopedics,8,6,0.649,medium
2025-12-20,5,12,1,1,0,0,General,26,21,0.809,medium
2025-12-20,5,12,1,1,0,0,ICU,7,6,0.907,high
2025-12-20,5,12,1,1,0,0,Pediatrics,12,11,0.932,high
2025-12-20,5,12,1,1,0,0,Maternity,9,5,0.55,low
2025-12-20,5,12,1,1,0,0,Orthopedics,8,6,0.676,medium
2025-12-21,6,12,1,1,0,0,General,26,21,0.811,medium
2025-12-21,6,12,1,1,0,0,ICU,7,7,0.958,high
2025-12-21,6,12,1,1,0,0,Pediatrics,12,7,0.591,low
2025-12-21,6,12,1,1,0,0,Maternity,9,5,0.63,medium
2025-12-21,6,12,1,1,0,0,Orthopedics,8,4,0.558,low
2025-12-22,0,12,0,1,0,0,General,26,37,1.0,high
2025-12-22,0,12,0,1,0,0,ICU,7,4,0.551,low
2025-12-22,0,12,0,1,0,0,Pediatrics,12,13,1.0,high
2025-12-22,0,12,0,1,0,0,Maternity,9,6,0.744,medium
2025-12-22,0,12,0,1,0,0,Orthopedics,8,5,0.538,low
2025-12-23,1,12,0,1,0,0,General,26,31,1.0,high
2025-12-23,1,12,0,1,0,0,ICU,7,5,0.87,high
2025-12-23,1,12,0,1,0,0,Pediatrics,12,13,1.0,high
2025-12-23,1,12,0,1,0,0,Maternity,9,7,0.775,medium
2025-12-23,1,12,0,1,0,0,Orthopedics,8,6,0.783,medium
2025-12-24,2,12,0,1,0,0,General,26,23,0.969,high
2025-12-24,2,12,0,1,0,0,ICU,7,5,0.751,medium
2025-12-24,2,12,0,1,0,0,Pediatrics,12,12,1.0,high
2025-12-24,2,12,0,1,0,0,Maternity,9,6,0.681,medium
2025-12-24,2,12,0,1,0,0,Orthopedics,8,5,0.575,low
2025-12-25,3,12,0,1,0,0,General,26,30,1.0,high
2025-12-25,3,12,0,1,0,0,ICU,7,5,0.682,medium
2025-12-25,3,12,0,1,0,0,Pediatrics,12,15,1.0,high
2025-12-25,3,12,0,1,0,0,Maternity,9,6,0.667,medium
2025-12-25,3,12,0,1,0,0,Orthopedics,8,4,0.426,low
2025-12-26,4,12,0,1,0,1,General,26,31,1.0,high
2025-12-26,4,12,0,1,0,1,ICU,7,7,1.0,high
2025-12-26,4,12,0,1,0,1,Pediatrics,12,16,1.0,high
2025-12-26,4,12,0,1,0,1,Maternity,9,5,0.588,low
2025-12-26,4,12,0,1,0,1,Orthopedics,8,4,0.623,medium
2025-12-27,5,12,1,1,0,0,General,26,26,1.0,high
2025-12-27,5,12,1,1,0,0,ICU,7,6,0.925,high
2025-12-27,5,12,1,1,0,0,Pediatrics,12,10,0.801,medium
2025-12-27,5,12,1,1,0,0,Maternity,9,6,0.671,medium
2025-12-27,5,12,1,1,0,0,Orthopedics,8,5,0.583,low
2025-12-28,6,12,1,1,0,0,General,26,15,0.589,low
2025-12-28,6,12,1,1,0,0,ICU,7,7,0.989,high
2025-12-28,6,12,1,1,0,0,Pediatrics,12,12,0.965,high
2025-12-28,6,12,1,1,0,0,Maternity,9,4,0.441,low
2025-12-28,6,12,1,1,0,0,Orthopedics,8,4,0.538,low
2025-12-29,0,12,0,1,0,0,General,26,24,0.991,high
2025-12-29,0,12,0,1,0,0,ICU,7,7,0.998,high
2025-12-29,0,12,0,1,0,0,Pediatrics,12,16,1.0,high
2025-12-29,0,12,0,1,0,0,Maternity,9,8,0.941,high
2025-12-29,0,12,0,1,0,0,Orthopedics,8,7,0.874,high
2025-12-30,1,12,0,1,0,0,General,26,15,0.545,low
2025-12-30,1,12,0,1,0,0,ICU,7,5,0.665,medium
2025-12-30,1,12,0,1,0,0,Pediatrics,12,13,1.0,high
2025-12-30,1,12,0,1,0,0,Maternity,9,6,0.614,medium
2025-12-30,1,12,0,1,0,0,Orthopedics,8,5,0.681,medium
